sample_id,sign_id,label_index,canonical_word,landmark_path,sequence_length,source_video_path
SIGN_0001_98. Actor_MVI_5373,SIGN_0001,0,actor,D:\Colonel\final_year_project\03_MediaPipe_Landmarks\Normalized_Landmarks\98. Actor_MVI_5373.npz,73,D:\Colonel\final_year_project\02_INCLUDE_Dataset_Optimized\98. Actor\MVI_5373.MOV
SIGN_0001_98. Actor_MVI_4791,SIGN_0001,0,actor,D:\Colonel\final_year_project\03_MediaPipe_Landmarks\Normalized_Landmarks\98. Actor_MVI_4791.npz,74,D:\Colonel\final_year_project\02_INCLUDE_Dataset_Optimized\98. Actor\MVI_4791.MOV
SIGN_0001_98. Actor_MVI_8923,SIGN_0001,0,actor,D:\Colonel\final_year_project\03_MediaPipe_Landmarks\Normalized_Landmarks\98. Actor_MVI_8923.npz,79,D:\Colonel\final_year_project\02_INCLUDE_Dataset_Optimized\98. Actor\MVI_8923.MP4
SIGN_0002_80. Adult_MVI_8647,SIGN_0002,1,adult,D:\Colonel\final_year_project\03_MediaPipe_Landmarks\Normalized_Landmarks\80. Adult_MVI_8647.npz,89,D:\Colonel\final_year_project\02_INCLUDE_Dataset_Optimized\80. Adult\MVI_8647.MP4
SIGN_0002_80. Adult_MVI_5141,SIGN_0002,1,adult,D:\Colonel\final_year_project\03_MediaPipe_Landmarks\Normalized_Landmarks\80. Adult_MVI_5141.npz,81,D:\Colonel\final_year_project\02_INCLUDE_Dataset_Optimized\80. Adult\MVI_5141.MOV
SIGN_0002_80. Adult_MVI_3823,SIGN_0002,1,adult,D:\Colonel\final_year_project\03_MediaPipe_Landmarks\Normalized_Landmarks\80. Adult_MVI_3823.npz,72,D:\Colonel\final_year_project\02_INCLUDE_Dataset_Optimized\80. Adult\MVI_3823.MOV
SIGN_0003_83. Afternoon_MVI_5063,SIGN_0003,2,afternoon,D:\Colonel\final_year_project\03_MediaPipe_Landmarks\Normalized_Landmarks\83. Afternoon_MVI_5063.npz,52,D:\Colonel\final_year_project\02_INCLUDE_Dataset_Optimized\83. Afternoon\MVI_5063.MOV
SIGN_0003_83. Afternoon_MVI_9193,SIGN_0003,2,afternoon,D:\Colonel\final_year_project\03_MediaPipe_Landmarks\Normalized_Landmarks\83. Afternoon_MVI_9193.npz,62,D:\Colonel\final_year_project\02_INCLUDE_Dataset_Optimized\83. Afternoon\MVI_9193.MP4
SIGN_0003_83. Afternoon_MVI_5513,SIGN_0003,2,afternoon,D:\Colonel\final_year_project\03_MediaPipe_Landmarks\Normalized_Landmarks\83. Afternoon_MVI_5513.npz,38,D:\Colonel\final_year_project\02_INCLUDE_Dataset_Optimized\83. Afternoon\MVI_5513.MOV
SIGN_0004_34. alive_MVI_9705,SIGN_0004,3,alive,D:\Colonel\final_year_project\03_MediaPipe_Landmarks\Normalized_Landmarks\34. alive_MVI_9705.npz,52,D:\Colonel\final_year_project\02_INCLUDE_Dataset_Optimized\34. alive\MVI_9705.MOV
SIGN_0004_34. alive_MVI_9828,SIGN_0004,3,alive,D:\Colonel\final_year_project\03_MediaPipe_Landmarks\Normalized_Landmarks\34. alive_MVI_9828.npz,61,D:\Colonel\final_year_project\02_INCLUDE_Dataset_Optimized\34. alive\MVI_9828.MOV
SIGN_0004_34. alive_MVI_9703,SIGN_0004,3,alive,D:\Colonel\final_year_project\03_MediaPipe_Landmarks\Normalized_Landmarks\34. alive_MVI_9703.npz,44,D:\Colonel\final_year_project\02_INCLUDE_Dataset_Optimized\34. alive\MVI_9703.MOV
SIGN_0005_50. Alright_MVI_0095,SIGN_0005,4,alright,D:\Colonel\final_year_project\03_MediaPipe_Landmarks\Normalized_Landmarks\50. Alright_MVI_0095.npz,63,D:\Colonel\final_year_project\02_INCLUDE_Dataset_Optimized\50. Alright\MVI_0095.MOV
SIGN_0005_50. Alright_MVI_9926,SIGN_0005,4,alright,D:\Colonel\final_year_project\03_MediaPipe_Landmarks\Normalized_Landmarks\50. Alright_MVI_9926.npz,51,D:\Colonel\final_year_project\02_INCLUDE_Dataset_Optimized\50. Alright\MVI_9926.MOV
SIGN_0005_50. Alright_MVI_9990,SIGN_0005,4,alright,D:\Colonel\final_year_project\03_MediaPipe_Landmarks\Normalized_Landmarks\50. Alright_MVI_9990.npz,54,D:\Colonel\final_year_project\02_INCLUDE_Dataset_Optimized\50. Alright\MVI_9990.MOV
SIGN_0006_8. Animal_MVI_3056,SIGN_0006,5,animal,D:\Colonel\final_year_project\03_MediaPipe_Landmarks\Normalized_Landmarks\8. Animal_MVI_3056.npz,107,D:\Colonel\final_year_project\02_INCLUDE_Dataset_Optimized\8. Animal\MVI_3056.MOV
SIGN_0006_8. Animal_MVI_8577,SIGN_0006,5,animal,D:\Colonel\final_year_project\03_MediaPipe_Landmarks\Normalized_Landmarks\8. Animal_MVI_8577.npz,92,D:\Colonel\final_year_project\02_INCLUDE_Dataset_Optimized\8. Animal\MVI_8577.MP4
SIGN_0006_8. Animal_MVI_3108,SIGN_0006,5,animal,D:\Colonel\final_year_project\03_MediaPipe_Landmarks\Normalized_Landmarks\8. Animal_MVI_3108.npz,108,D:\Colonel\final_year_project\02_INCLUDE_Dataset_Optimized\8. Animal\MVI_3108.MOV
SIGN_0007_94. Artist_MVI_5356,SIGN_0007,6,artist,D:\Colonel\final_year_project\03_MediaPipe_Landmarks\Normalized_Landmarks\94. Artist_MVI_5356.npz,65,D:\Colonel\final_year_project\02_INCLUDE_Dataset_Optimized\94. Artist\MVI_5356.MOV
SIGN_0007_94. Artist_MVI_4779,SIGN_0007,6,artist,D:\Colonel\final_year_project\03_MediaPipe_Landmarks\Normalized_Landmarks\94. Artist_MVI_4779.npz,63,D:\Colonel\final_year_project\02_INCLUDE_Dataset_Optimized\94. Artist\MVI_4779.MOV
SIGN_0007_94. Artist_MVI_4500,SIGN_0007,6,artist,D:\Colonel\final_year_project\03_MediaPipe_Landmarks\Normalized_Landmarks\94. Artist_MVI_4500.npz,69,D:\Colonel\final_year_project\02_INCLUDE_Dataset_Optimized\94. Artist\MVI_4500.MOV
SIGN_0008_13. Attack_MVI_4836,SIGN_0008,7,attack,D:\Colonel\final_year_project\03_MediaPipe_Landmarks\Normalized_Landmarks\13. Attack_MVI_4836.npz,73,F:\Final_Year_Project\02_INCLUDE_Dataset_Optimized\13. Attack\MVI_4836.MOV
SIGN_0008_13. Attack_MVI_8966,SIGN_0008,7,attack,D:\Colonel\final_year_project\03_MediaPipe_Landmarks\Normalized_Landmarks\13. Attack_MVI_8966.npz,85,F:\Final_Year_Project\02_INCLUDE_Dataset_Optimized\13. Attack\MVI_8966.MP4
SIGN_0008_13. Attack_MVI_4299,SIGN_0008,7,attack,D:\Colonel\final_year_project\03_MediaPipe_Landmarks\Normalized_Landmarks\13. Attack_MVI_4299.npz,73,F:\Final_Year_Project\02_INCLUDE_Dataset_Optimized\13. Attack\MVI_4299.MOV
SIGN_0009_95. Author_MVI_4504,SIGN_0009,8,author,D:\Colonel\final_year_project\03_MediaPipe_Landmarks\Normalized_Landmarks\95. Author_MVI_4504.npz,110,D:\Colonel\final_year_project\02_INCLUDE_Dataset_Optimized\95. Author\MVI_4504.MOV
SIGN_0009_95. Author_MVI_5360,SIGN_0009,8,author,D:\Colonel\final_year_project\03_MediaPipe_Landmarks\Normalized_Landmarks\95. Author_MVI_5360.npz,104,D:\Colonel\final_year_project\02_INCLUDE_Dataset_Optimized\95. Author\MVI_5360.MOV
SIGN_0009_95. Author_MVI_4782,SIGN_0009,8,author,D:\Colonel\final_year_project\03_MediaPipe_Landmarks\Normalized_Landmarks\95. Author_MVI_4782.npz,122,D:\Colonel\final_year_project\02_INCLUDE_Dataset_Optimized\95. Author\MVI_4782.MOV
SIGN_0010_63. Baby_MVI_5086,SIGN_0010,9,baby,D:\Colonel\final_year_project\03_MediaPipe_Landmarks\Normalized_Landmarks\63. Baby_MVI_5086.npz,60,D:\Colonel\final_year_project\02_INCLUDE_Dataset_Optimized\63. Baby\MVI_5086.MOV
SIGN_0010_63. Baby_MVI_8628,SIGN_0010,9,baby,D:\Colonel\final_year_project\03_MediaPipe_Landmarks\Normalized_Landmarks\63. Baby_MVI_8628.npz,69,D:\Colonel\final_year_project\02_INCLUDE_Dataset_Optimized\63. Baby\MVI_8628.MP4
SIGN_0010_63. Baby_MVI_3769,SIGN_0010,9,baby,D:\Colonel\final_year_project\03_MediaPipe_Landmarks\Normalized_Landmarks\63. Baby_MVI_3769.npz,57,D:\Colonel\final_year_project\02_INCLUDE_Dataset_Optimized\63. Baby\MVI_3769.MOV
SIGN_0011_95. bad_MVI_9353,SIGN_0011,10,bad,D:\Colonel\final_year_project\03_MediaPipe_Landmarks\Normalized_Landmarks\95. bad_MVI_9353.npz,46,D:\Colonel\final_year_project\02_INCLUDE_Dataset_Optimized\95. bad\MVI_9353.MOV
SIGN_0011_95. bad_MVI_5320,SIGN_0011,10,bad,D:\Colonel\final_year_project\03_MediaPipe_Landmarks\Normalized_Landmarks\95. bad_MVI_5320.npz,50,D:\Colonel\final_year_project\02_INCLUDE_Dataset_Optimized\95. bad\MVI_5320.MOV
SIGN_0011_95. bad_MVI_9516,SIGN_0011,10,bad,D:\Colonel\final_year_project\03_MediaPipe_Landmarks\Normalized_Landmarks\95. bad_MVI_9516.npz,58,D:\Colonel\final_year_project\02_INCLUDE_Dataset_Optimized\95. bad\MVI_9516.MOV
SIGN_0012_45. Bag_MVI_9075,SIGN_0012,11,bag,D:\Colonel\final_year_project\03_MediaPipe_Landmarks\Normalized_Landmarks\45. Bag_MVI_9075.npz,65,D:\Colonel\final_year_project\02_INCLUDE_Dataset_Optimized\45. Bag\MVI_9075.MP4
SIGN_0012_45. Bag_MVI_8840,SIGN_0012,11,bag,D:\Colonel\final_year_project\03_MediaPipe_Landmarks\Normalized_Landmarks\45. Bag_MVI_8840.npz,75,D:\Colonel\final_year_project\02_INCLUDE_Dataset_Optimized\45. Bag\MVI_8840.MP4
SIGN_0012_45. Bag_MVI_4941,SIGN_0012,11,bag,D:\Colonel\final_year_project\03_MediaPipe_Landmarks\Normalized_Landmarks\45. Bag_MVI_4941.npz,48,D:\Colonel\final_year_project\02_INCLUDE_Dataset_Optimized\45. Bag\MVI_4941.MOV
SIGN_0013_19. Ball_MVI_8985,SIGN_0013,12,ball,D:\Colonel\final_year_project\03_MediaPipe_Landmarks\Normalized_Landmarks\19. Ball_MVI_8985.npz,62,F:\Final_Year_Project\02_INCLUDE_Dataset_Optimized\19. Ball\MVI_8985.MP4
SIGN_0013_19. Ball_MVI_4855,SIGN_0013,12,ball,D:\Colonel\final_year_project\03_MediaPipe_Landmarks\Normalized_Landmarks\19. Ball_MVI_4855.npz,47,F:\Final_Year_Project\02_INCLUDE_Dataset_Optimized\19. Ball\MVI_4855.MOV
SIGN_0013_19. Ball_MVI_4324,SIGN_0013,12,ball,D:\Colonel\final_year_project\03_MediaPipe_Landmarks\Normalized_Landmarks\19. Ball_MVI_4324.npz,50,F:\Final_Year_Project\02_INCLUDE_Dataset_Optimized\19. Ball\MVI_4324.MOV
SIGN_0014_35. Bank_MVI_3582,SIGN_0014,13,bank,D:\Colonel\final_year_project\03_MediaPipe_Landmarks\Normalized_Landmarks\35. Bank_MVI_3582.npz,51,D:\Colonel\final_year_project\02_INCLUDE_Dataset_Optimized\35. Bank\MVI_3582.MOV
SIGN_0014_35. Bank_MVI_3664,SIGN_0014,13,bank,D:\Colonel\final_year_project\03_MediaPipe_Landmarks\Normalized_Landmarks\35. Bank_MVI_3664.npz,47,D:\Colonel\final_year_project\02_INCLUDE_Dataset_Optimized\35. Bank\MVI_3664.MOV
SIGN_0014_35. Bank_MVI_3422,SIGN_0014,13,bank,D:\Colonel\final_year_project\03_MediaPipe_Landmarks\Normalized_Landmarks\35. Bank_MVI_3422.npz,59,D:\Colonel\final_year_project\02_INCLUDE_Dataset_Optimized\35. Bank\MVI_3422.MOV
SIGN_0015_32. Bathroom_MVI_4378,SIGN_0015,14,bathroom,D:\Colonel\final_year_project\03_MediaPipe_Landmarks\Normalized_Landmarks\32. Bathroom_MVI_4378.npz,60,D:\Colonel\final_year_project\02_INCLUDE_Dataset_Optimized\32. Bathroom\MVI_4378.MOV
SIGN_0015_32. Bathroom_MVI_4900,SIGN_0015,14,bathroom,D:\Colonel\final_year_project\03_MediaPipe_Landmarks\Normalized_Landmarks\32. Bathroom_MVI_4900.npz,64,D:\Colonel\final_year_project\02_INCLUDE_Dataset_Optimized\32. Bathroom\MVI_4900.MOV
SIGN_0015_32. Bathroom_MVI_9027,SIGN_0015,14,bathroom,D:\Colonel\final_year_project\03_MediaPipe_Landmarks\Normalized_Landmarks\32. Bathroom_MVI_9027.npz,78,D:\Colonel\final_year_project\02_INCLUDE_Dataset_Optimized\32. Bathroom\MVI_9027.MP4
SIGN_0016_5. Beautiful_MVI_9726,SIGN_0016,15,beautiful,D:\Colonel\final_year_project\03_MediaPipe_Landmarks\Normalized_Landmarks\5. Beautiful_MVI_9726.npz,68,D:\Colonel\final_year_project\02_INCLUDE_Dataset_Optimized\5. Beautiful\MVI_9726.MOV
SIGN_0016_5. Beautiful_MVI_9569,SIGN_0016,15,beautiful,D:\Colonel\final_year_project\03_MediaPipe_Landmarks\Normalized_Landmarks\5. Beautiful_MVI_9569.npz,65,D:\Colonel\final_year_project\02_INCLUDE_Dataset_Optimized\5. Beautiful\MVI_9569.MOV
SIGN_0016_5. Beautiful_MVI_9724,SIGN_0016,15,beautiful,D:\Colonel\final_year_project\03_MediaPipe_Landmarks\Normalized_Landmarks\5. Beautiful_MVI_9724.npz,70,D:\Colonel\final_year_project\02_INCLUDE_Dataset_Optimized\5. Beautiful\MVI_9724.MOV
SIGN_0017_26. Bed_MVI_9009,SIGN_0017,16,bed,D:\Colonel\final_year_project\03_MediaPipe_Landmarks\Normalized_Landmarks\26. Bed_MVI_9009.npz,1,F:\Final_Year_Project\02_INCLUDE_Dataset_Optimized\26. Bed\MVI_9009.MP4
SIGN_0017_26. Bed_MVI_4875,SIGN_0017,16,bed,D:\Colonel\final_year_project\03_MediaPipe_Landmarks\Normalized_Landmarks\26. Bed_MVI_4875.npz,58,D:\Colonel\final_year_project\02_INCLUDE_Dataset_Optimized\26. Bed\MVI_4875.MOV
SIGN_0017_26. Bed_MVI_4352,SIGN_0017,16,bed,D:\Colonel\final_year_project\03_MediaPipe_Landmarks\Normalized_Landmarks\26. Bed_MVI_4352.npz,55,D:\Colonel\final_year_project\02_INCLUDE_Dataset_Optimized\26. Bed\MVI_4352.MOV
SIGN_0018_30. Bedroom_MVI_4887,SIGN_0018,17,bedroom,D:\Colonel\final_year_project\03_MediaPipe_Landmarks\Normalized_Landmarks\30. Bedroom_MVI_4887.npz,72,D:\Colonel\final_year_project\02_INCLUDE_Dataset_Optimized\30. Bedroom\MVI_4887.MOV
SIGN_0018_30. Bedroom_MVI_9021,SIGN_0018,17,bedroom,D:\Colonel\final_year_project\03_MediaPipe_Landmarks\Normalized_Landmarks\30. Bedroom_MVI_9021.npz,104,D:\Colonel\final_year_project\02_INCLUDE_Dataset_Optimized\30. Bedroom\MVI_9021.MP4
SIGN_0018_30. Bedroom_MVI_4370,SIGN_0018,17,bedroom,D:\Colonel\final_year_project\03_MediaPipe_Landmarks\Normalized_Landmarks\30. Bedroom_MVI_4370.npz,83,D:\Colonel\final_year_project\02_INCLUDE_Dataset_Optimized\30. Bedroom\MVI_4370.MOV
SIGN_0019_13. Bicycle_MVI_8588,SIGN_0019,18,bicycle,D:\Colonel\final_year_project\03_MediaPipe_Landmarks\Normalized_Landmarks\13. Bicycle_MVI_8588.npz,62,F:\Final_Year_Project\02_INCLUDE_Dataset_Optimized\13. Bicycle\MVI_8588.MP4
SIGN_0019_13. Bicycle_MVI_3245,SIGN_0019,18,bicycle,D:\Colonel\final_year_project\03_MediaPipe_Landmarks\Normalized_Landmarks\13. Bicycle_MVI_3245.npz,78,F:\Final_Year_Project\02_INCLUDE_Dataset_Optimized\13. Bicycle\MVI_3245.MOV
SIGN_0019_13. Bicycle_MVI_3181,SIGN_0019,18,bicycle,D:\Colonel\final_year_project\03_MediaPipe_Landmarks\Normalized_Landmarks\13. Bicycle_MVI_3181.npz,95,F:\Final_Year_Project\02_INCLUDE_Dataset_Optimized\13. Bicycle\MVI_3181.MOV
SIGN_0020_83. big large_MVI_5123,SIGN_0020,19,big large,D:\Colonel\final_year_project\03_MediaPipe_Landmarks\Normalized_Landmarks\83. big large_MVI_5123.npz,54,D:\Colonel\final_year_project\02_INCLUDE_Dataset_Optimized\83. big large\MVI_5123.MOV
SIGN_0020_83. big large_MVI_5284,SIGN_0020,19,big large,D:\Colonel\final_year_project\03_MediaPipe_Landmarks\Normalized_Landmarks\83. big large_MVI_5284.npz,55,D:\Colonel\final_year_project\02_INCLUDE_Dataset_Optimized\83. big large\MVI_5284.MOV
SIGN_0020_83. big large_MVI_9317,SIGN_0020,19,big large,D:\Colonel\final_year_project\03_MediaPipe_Landmarks\Normalized_Landmarks\83. big large_MVI_9317.npz,48,D:\Colonel\final_year_project\02_INCLUDE_Dataset_Optimized\83. big large\MVI_9317.MOV
SIGN_0021_5. Bill_MVI_4267,SIGN_0021,20,bill,D:\Colonel\final_year_project\03_MediaPipe_Landmarks\Normalized_Landmarks\5. Bill_MVI_4267.npz,54,D:\Colonel\final_year_project\02_INCLUDE_Dataset_Optimized\5. Bill\MVI_4267.MOV
SIGN_0021_5. Bill_MVI_8675,SIGN_0021,20,bill,D:\Colonel\final_year_project\03_MediaPipe_Landmarks\Normalized_Landmarks\5. Bill_MVI_8675.npz,71,D:\Colonel\final_year_project\02_INCLUDE_Dataset_Optimized\5. Bill\MVI_8675.MP4
SIGN_0021_5. Bill_MVI_8941,SIGN_0021,20,bill,D:\Colonel\final_year_project\03_MediaPipe_Landmarks\Normalized_Landmarks\5. Bill_MVI_8941.npz,57,D:\Colonel\final_year_project\02_INCLUDE_Dataset_Optimized\5. Bill\MVI_8941.MP4
SIGN_0022_4. Bird_MVI_2987,SIGN_0022,21,bird,D:\Colonel\final_year_project\03_MediaPipe_Landmarks\Normalized_Landmarks\4. Bird_MVI_2987.npz,76,D:\Colonel\final_year_project\02_INCLUDE_Dataset_Optimized\4. Bird\MVI_2987.MOV
SIGN_0022_4. Bird_MVI_8568,SIGN_0022,21,bird,D:\Colonel\final_year_project\03_MediaPipe_Landmarks\Normalized_Landmarks\4. Bird_MVI_8568.npz,76,D:\Colonel\final_year_project\02_INCLUDE_Dataset_Optimized\4. Bird\MVI_8568.MP4
SIGN_0022_4. Bird_MVI_3095,SIGN_0022,21,bird,D:\Colonel\final_year_project\03_MediaPipe_Landmarks\Normalized_Landmarks\4. Bird_MVI_3095.npz,80,D:\Colonel\final_year_project\02_INCLUDE_Dataset_Optimized\4. Bird\MVI_3095.MOV
SIGN_0023_54. Black_MVI_4039,SIGN_0023,22,black,D:\Colonel\final_year_project\03_MediaPipe_Landmarks\Normalized_Landmarks\54. Black_MVI_4039.npz,48,D:\Colonel\final_year_project\02_INCLUDE_Dataset_Optimized\54. Black\MVI_4039.MOV
SIGN_0023_54. Black_MVI_8619,SIGN_0023,22,black,D:\Colonel\final_year_project\03_MediaPipe_Landmarks\Normalized_Landmarks\54. Black_MVI_8619.npz,65,D:\Colonel\final_year_project\02_INCLUDE_Dataset_Optimized\54. Black\MVI_8619.MP4
SIGN_0023_54. Black_MVI_5058,SIGN_0023,22,black,D:\Colonel\final_year_project\03_MediaPipe_Landmarks\Normalized_Landmarks\54. Black_MVI_5058.npz,47,D:\Colonel\final_year_project\02_INCLUDE_Dataset_Optimized\54. Black\MVI_5058.MOV
SIGN_0024_8. Blind_MVI_9853,SIGN_0024,23,blind,D:\Colonel\final_year_project\03_MediaPipe_Landmarks\Normalized_Landmarks\8. Blind_MVI_9853.npz,56,D:\Colonel\final_year_project\02_INCLUDE_Dataset_Optimized\8. Blind\MVI_9853.MOV
SIGN_0024_8. Blind_MVI_9855,SIGN_0024,23,blind,D:\Colonel\final_year_project\03_MediaPipe_Landmarks\Normalized_Landmarks\8. Blind_MVI_9855.npz,54,D:\Colonel\final_year_project\02_INCLUDE_Dataset_Optimized\8. Blind\MVI_9855.MOV
SIGN_0024_8. Blind_MVI_9584,SIGN_0024,23,blind,D:\Colonel\final_year_project\03_MediaPipe_Landmarks\Normalized_Landmarks\8. Blind_MVI_9584.npz,58,D:\Colonel\final_year_project\02_INCLUDE_Dataset_Optimized\8. Blind\MVI_9584.MOV
SIGN_0025_49. Blue_MVI_5043,SIGN_0025,24,blue,D:\Colonel\final_year_project\03_MediaPipe_Landmarks\Normalized_Landmarks\49. Blue_MVI_5043.npz,48,D:\Colonel\final_year_project\02_INCLUDE_Dataset_Optimized\49. Blue\MVI_5043.MOV
SIGN_0025_49. Blue_MVI_3725,SIGN_0025,24,blue,D:\Colonel\final_year_project\03_MediaPipe_Landmarks\Normalized_Landmarks\49. Blue_MVI_3725.npz,58,D:\Colonel\final_year_project\02_INCLUDE_Dataset_Optimized\49. Blue\MVI_3725.MOV
SIGN_0025_49. Blue_MVI_4024,SIGN_0025,24,blue,D:\Colonel\final_year_project\03_MediaPipe_Landmarks\Normalized_Landmarks\49. Blue_MVI_4024.npz,56,D:\Colonel\final_year_project\02_INCLUDE_Dataset_Optimized\49. Blue\MVI_4024.MOV
SIGN_0026_15. Boat_MVI_3189,SIGN_0026,25,boat,D:\Colonel\final_year_project\03_MediaPipe_Landmarks\Normalized_Landmarks\15. Boat_MVI_3189.npz,96,F:\Final_Year_Project\02_INCLUDE_Dataset_Optimized\15. Boat\MVI_3189.MOV
SIGN_0026_15. Boat_MVI_8595,SIGN_0026,25,boat,D:\Colonel\final_year_project\03_MediaPipe_Landmarks\Normalized_Landmarks\15. Boat_MVI_8595.npz,98,F:\Final_Year_Project\02_INCLUDE_Dataset_Optimized\15. Boat\MVI_8595.MP4
SIGN_0026_15. Boat_MVI_3129,SIGN_0026,25,boat,D:\Colonel\final_year_project\03_MediaPipe_Landmarks\Normalized_Landmarks\15. Boat_MVI_3129.npz,112,F:\Final_Year_Project\02_INCLUDE_Dataset_Optimized\15. Boat\MVI_3129.MOV
SIGN_0027_37. Book_MVI_9043,SIGN_0027,26,book,D:\Colonel\final_year_project\03_MediaPipe_Landmarks\Normalized_Landmarks\37. Book_MVI_9043.npz,67,D:\Colonel\final_year_project\02_INCLUDE_Dataset_Optimized\37. Book\MVI_9043.MP4
SIGN_0027_37. Book_MVI_8806,SIGN_0027,26,book,D:\Colonel\final_year_project\03_MediaPipe_Landmarks\Normalized_Landmarks\37. Book_MVI_8806.npz,70,D:\Colonel\final_year_project\02_INCLUDE_Dataset_Optimized\37. Book\MVI_8806.MP4
SIGN_0027_37. Book_MVI_4915,SIGN_0027,26,book,D:\Colonel\final_year_project\03_MediaPipe_Landmarks\Normalized_Landmarks\37. Book_MVI_4915.npz,50,D:\Colonel\final_year_project\02_INCLUDE_Dataset_Optimized\37. Book\MVI_4915.MOV
SIGN_0028_46. Box_MVI_4944,SIGN_0028,27,box,D:\Colonel\final_year_project\03_MediaPipe_Landmarks\Normalized_Landmarks\46. Box_MVI_4944.npz,63,D:\Colonel\final_year_project\02_INCLUDE_Dataset_Optimized\46. Box\MVI_4944.MOV
SIGN_0028_46. Box_MVI_9078,SIGN_0028,27,box,D:\Colonel\final_year_project\03_MediaPipe_Landmarks\Normalized_Landmarks\46. Box_MVI_9078.npz,97,D:\Colonel\final_year_project\02_INCLUDE_Dataset_Optimized\46. Box\MVI_9078.MP4
SIGN_0028_46. Box_MVI_4437,SIGN_0028,27,box,D:\Colonel\final_year_project\03_MediaPipe_Landmarks\Normalized_Landmarks\46. Box_MVI_4437.npz,56,D:\Colonel\final_year_project\02_INCLUDE_Dataset_Optimized\46. Box\MVI_4437.MOV
SIGN_0029_77. Boy_MVI_8644,SIGN_0029,28,boy,D:\Colonel\final_year_project\03_MediaPipe_Landmarks\Normalized_Landmarks\77. Boy_MVI_8644.npz,68,D:\Colonel\final_year_project\02_INCLUDE_Dataset_Optimized\77. Boy\MVI_8644.MP4
SIGN_0029_77. Boy_MVI_4110,SIGN_0029,28,boy,D:\Colonel\final_year_project\03_MediaPipe_Landmarks\Normalized_Landmarks\77. Boy_MVI_4110.npz,66,D:\Colonel\final_year_project\02_INCLUDE_Dataset_Optimized\77. Boy\MVI_4110.MOV
SIGN_0029_77. Boy_MVI_3814,SIGN_0029,28,boy,D:\Colonel\final_year_project\03_MediaPipe_Landmarks\Normalized_Landmarks\77. Boy_MVI_3814.npz,63,D:\Colonel\final_year_project\02_INCLUDE_Dataset_Optimized\77. Boy\MVI_3814.MOV
SIGN_0030_66. Brother_MVI_3778,SIGN_0030,29,brother,D:\Colonel\final_year_project\03_MediaPipe_Landmarks\Normalized_Landmarks\66. Brother_MVI_3778.npz,59,D:\Colonel\final_year_project\02_INCLUDE_Dataset_Optimized\66. Brother\MVI_3778.MOV
SIGN_0030_66. Brother_MVI_4075,SIGN_0030,29,brother,D:\Colonel\final_year_project\03_MediaPipe_Landmarks\Normalized_Landmarks\66. Brother_MVI_4075.npz,61,D:\Colonel\final_year_project\02_INCLUDE_Dataset_Optimized\66. Brother\MVI_4075.MOV
SIGN_0030_66. Brother_MVI_4957,SIGN_0030,29,brother,D:\Colonel\final_year_project\03_MediaPipe_Landmarks\Normalized_Landmarks\66. Brother_MVI_4957.npz,54,D:\Colonel\final_year_project\02_INCLUDE_Dataset_Optimized\66. Brother\MVI_4957.MOV
SIGN_0031_51. Brown_MVI_5049,SIGN_0031,30,brown,D:\Colonel\final_year_project\03_MediaPipe_Landmarks\Normalized_Landmarks\51. Brown_MVI_5049.npz,53,D:\Colonel\final_year_project\02_INCLUDE_Dataset_Optimized\51. Brown\MVI_5049.MOV
SIGN_0031_51. Brown_MVI_3731,SIGN_0031,30,brown,D:\Colonel\final_year_project\03_MediaPipe_Landmarks\Normalized_Landmarks\51. Brown_MVI_3731.npz,53,D:\Colonel\final_year_project\02_INCLUDE_Dataset_Optimized\51. Brown\MVI_3731.MOV
SIGN_0031_51. Brown_MVI_8616,SIGN_0031,30,brown,D:\Colonel\final_year_project\03_MediaPipe_Landmarks\Normalized_Landmarks\51. Brown_MVI_8616.npz,63,D:\Colonel\final_year_project\02_INCLUDE_Dataset_Optimized\51. Brown\MVI_8616.MP4
SIGN_0032_14. Bus_MVI_3126,SIGN_0032,31,bus,D:\Colonel\final_year_project\03_MediaPipe_Landmarks\Normalized_Landmarks\14. Bus_MVI_3126.npz,97,F:\Final_Year_Project\02_INCLUDE_Dataset_Optimized\14. Bus\MVI_3126.MOV
SIGN_0032_14. Bus_MVI_8590,SIGN_0032,31,bus,D:\Colonel\final_year_project\03_MediaPipe_Landmarks\Normalized_Landmarks\14. Bus_MVI_8590.npz,79,F:\Final_Year_Project\02_INCLUDE_Dataset_Optimized\14. Bus\MVI_8590.MP4
SIGN_0032_14. Bus_MVI_3248,SIGN_0032,31,bus,D:\Colonel\final_year_project\03_MediaPipe_Landmarks\Normalized_Landmarks\14. Bus_MVI_3248.npz,81,F:\Final_Year_Project\02_INCLUDE_Dataset_Optimized\14. Bus\MVI_3248.MOV
SIGN_0033_58. Camera_MVI_4553,SIGN_0033,32,camera,D:\Colonel\final_year_project\03_MediaPipe_Landmarks\Normalized_Landmarks\58. Camera_MVI_4553.npz,49,D:\Colonel\final_year_project\02_INCLUDE_Dataset_Optimized\58. Camera\MVI_4553.MOV
SIGN_0033_58. Camera_MVI_4979,SIGN_0033,32,camera,D:\Colonel\final_year_project\03_MediaPipe_Landmarks\Normalized_Landmarks\58. Camera_MVI_4979.npz,47,D:\Colonel\final_year_project\02_INCLUDE_Dataset_Optimized\58. Camera\MVI_4979.MOV
SIGN_0033_58. Camera_MVI_5409,SIGN_0033,32,camera,D:\Colonel\final_year_project\03_MediaPipe_Landmarks\Normalized_Landmarks\58. Camera_MVI_5409.npz,61,D:\Colonel\final_year_project\02_INCLUDE_Dataset_Optimized\58. Camera\MVI_5409.MOV
SIGN_0034_11. Car_MVI_3174,SIGN_0034,33,car,D:\Colonel\final_year_project\03_MediaPipe_Landmarks\Normalized_Landmarks\11. Car_MVI_3174.npz,97,F:\Final_Year_Project\02_INCLUDE_Dataset_Optimized\11. Car\MVI_3174.MOV
SIGN_0034_11. Car_MVI_8584,SIGN_0034,33,car,D:\Colonel\final_year_project\03_MediaPipe_Landmarks\Normalized_Landmarks\11. Car_MVI_8584.npz,87,F:\Final_Year_Project\02_INCLUDE_Dataset_Optimized\11. Car\MVI_8584.MP4
SIGN_0034_11. Car_MVI_3116,SIGN_0034,33,car,D:\Colonel\final_year_project\03_MediaPipe_Landmarks\Normalized_Landmarks\11. Car_MVI_3116.npz,106,F:\Final_Year_Project\02_INCLUDE_Dataset_Optimized\11. Car\MVI_3116.MOV
SIGN_0035_48. Card_MVI_4950,SIGN_0035,34,card,D:\Colonel\final_year_project\03_MediaPipe_Landmarks\Normalized_Landmarks\48. Card_MVI_4950.npz,66,D:\Colonel\final_year_project\02_INCLUDE_Dataset_Optimized\48. Card\MVI_4950.MOV
SIGN_0035_48. Card_MVI_8853,SIGN_0035,34,card,D:\Colonel\final_year_project\03_MediaPipe_Landmarks\Normalized_Landmarks\48. Card_MVI_8853.npz,81,D:\Colonel\final_year_project\02_INCLUDE_Dataset_Optimized\48. Card\MVI_8853.MP4
SIGN_0035_48. Card_MVI_4445,SIGN_0035,34,card,D:\Colonel\final_year_project\03_MediaPipe_Landmarks\Normalized_Landmarks\48. Card_MVI_4445.npz,54,D:\Colonel\final_year_project\02_INCLUDE_Dataset_Optimized\48. Card\MVI_4445.MOV
SIGN_0036_2. Cat_MVI_3031,SIGN_0036,35,cat,D:\Colonel\final_year_project\03_MediaPipe_Landmarks\Normalized_Landmarks\2. Cat_MVI_3031.npz,64,F:\Final_Year_Project\02_INCLUDE_Dataset_Optimized\2. Cat\MVI_3031.MOV
SIGN_0036_2. Cat_MVI_3089,SIGN_0036,35,cat,D:\Colonel\final_year_project\03_MediaPipe_Landmarks\Normalized_Landmarks\2. Cat_MVI_3089.npz,80,F:\Final_Year_Project\02_INCLUDE_Dataset_Optimized\2. Cat\MVI_3089.MOV
SIGN_0036_2. Cat_MVI_8563,SIGN_0036,35,cat,D:\Colonel\final_year_project\03_MediaPipe_Landmarks\Normalized_Landmarks\2. Cat_MVI_8563.npz,69,F:\Final_Year_Project\02_INCLUDE_Dataset_Optimized\2. Cat\MVI_8563.MP4
SIGN_0037_54. Cell phone_MVI_4967,SIGN_0037,36,cell phone,D:\Colonel\final_year_project\03_MediaPipe_Landmarks\Normalized_Landmarks\54. Cell phone_MVI_4967.npz,55,D:\Colonel\final_year_project\02_INCLUDE_Dataset_Optimized\54. Cell phone\MVI_4967.MOV
SIGN_0037_54. Cell phone_MVI_4537,SIGN_0037,36,cell phone,D:\Colonel\final_year_project\03_MediaPipe_Landmarks\Normalized_Landmarks\54. Cell phone_MVI_4537.npz,48,D:\Colonel\final_year_project\02_INCLUDE_Dataset_Optimized\54. Cell phone\MVI_4537.MOV
SIGN_0037_54. Cell phone_MVI_5393,SIGN_0037,36,cell phone,D:\Colonel\final_year_project\03_MediaPipe_Landmarks\Normalized_Landmarks\54. Cell phone_MVI_5393.npz,53,D:\Colonel\final_year_project\02_INCLUDE_Dataset_Optimized\54. Cell phone\MVI_5393.MOV
SIGN_0038_25. Chair_MVI_4348,SIGN_0038,37,chair,D:\Colonel\final_year_project\03_MediaPipe_Landmarks\Normalized_Landmarks\25. Chair_MVI_4348.npz,52,D:\Colonel\final_year_project\02_INCLUDE_Dataset_Optimized\25. Chair\MVI_4348.MOV
SIGN_0038_25. Chair_MVI_8756,SIGN_0038,37,chair,D:\Colonel\final_year_project\03_MediaPipe_Landmarks\Normalized_Landmarks\25. Chair_MVI_8756.npz,50,D:\Colonel\final_year_project\02_INCLUDE_Dataset_Optimized\25. Chair\MVI_8756.MP4
SIGN_0038_25. Chair_MVI_4872,SIGN_0038,37,chair,D:\Colonel\final_year_project\03_MediaPipe_Landmarks\Normalized_Landmarks\25. Chair_MVI_4872.npz,52,D:\Colonel\final_year_project\02_INCLUDE_Dataset_Optimized\25. Chair\MVI_4872.MOV
SIGN_0039_16. cheap_MVI_9619,SIGN_0039,38,cheap,D:\Colonel\final_year_project\03_MediaPipe_Landmarks\Normalized_Landmarks\16. cheap_MVI_9619.npz,65,F:\Final_Year_Project\02_INCLUDE_Dataset_Optimized\16. cheap\MVI_9619.MOV
SIGN_0039_16. cheap_MVI_9617,SIGN_0039,38,cheap,D:\Colonel\final_year_project\03_MediaPipe_Landmarks\Normalized_Landmarks\16. cheap_MVI_9617.npz,56,F:\Final_Year_Project\02_INCLUDE_Dataset_Optimized\16. cheap\MVI_9617.MOV
SIGN_0039_16. cheap_MVI_9754,SIGN_0039,38,cheap,D:\Colonel\final_year_project\03_MediaPipe_Landmarks\Normalized_Landmarks\16. cheap_MVI_9754.npz,60,F:\Final_Year_Project\02_INCLUDE_Dataset_Optimized\16. cheap\MVI_9754.MOV
SIGN_0040_79. Child_MVI_8646,SIGN_0040,39,child,D:\Colonel\final_year_project\03_MediaPipe_Landmarks\Normalized_Landmarks\79. Child_MVI_8646.npz,52,D:\Colonel\final_year_project\02_INCLUDE_Dataset_Optimized\79. Child\MVI_8646.MP4
SIGN_0040_79. Child_MVI_4116,SIGN_0040,39,child,D:\Colonel\final_year_project\03_MediaPipe_Landmarks\Normalized_Landmarks\79. Child_MVI_4116.npz,53,D:\Colonel\final_year_project\02_INCLUDE_Dataset_Optimized\79. Child\MVI_4116.MOV
SIGN_0040_79. Child_MVI_5138,SIGN_0040,39,child,D:\Colonel\final_year_project\03_MediaPipe_Landmarks\Normalized_Landmarks\79. Child_MVI_5138.npz,49,D:\Colonel\final_year_project\02_INCLUDE_Dataset_Optimized\79. Child\MVI_5138.MOV
SIGN_0041_18. City_MVI_3592,SIGN_0041,40,city,D:\Colonel\final_year_project\03_MediaPipe_Landmarks\Normalized_Landmarks\18. City_MVI_3592.npz,54,F:\Final_Year_Project\02_INCLUDE_Dataset_Optimized\18. City\MVI_3592.MOV
SIGN_0041_18. City_MVI_3347,SIGN_0041,40,city,D:\Colonel\final_year_project\03_MediaPipe_Landmarks\Normalized_Landmarks\18. City_MVI_3347.npz,63,F:\Final_Year_Project\02_INCLUDE_Dataset_Optimized\18. City\MVI_3347.MOV
SIGN_0041_18. City_MVI_3263,SIGN_0041,40,city,D:\Colonel\final_year_project\03_MediaPipe_Landmarks\Normalized_Landmarks\18. City_MVI_3263.npz,90,F:\Final_Year_Project\02_INCLUDE_Dataset_Optimized\18. City\MVI_3263.MOV
SIGN_0042_29. clean_MVI_9807,SIGN_0042,41,clean,D:\Colonel\final_year_project\03_MediaPipe_Landmarks\Normalized_Landmarks\29. clean_MVI_9807.npz,61,D:\Colonel\final_year_project\02_INCLUDE_Dataset_Optimized\29. clean\MVI_9807.MOV
SIGN_0042_29. clean_MVI_9681,SIGN_0042,41,clean,D:\Colonel\final_year_project\03_MediaPipe_Landmarks\Normalized_Landmarks\29. clean_MVI_9681.npz,65,D:\Colonel\final_year_project\02_INCLUDE_Dataset_Optimized\29. clean\MVI_9681.MOV
SIGN_0042_29. clean_MVI_9679,SIGN_0042,41,clean,D:\Colonel\final_year_project\03_MediaPipe_Landmarks\Normalized_Landmarks\29. clean_MVI_9679.npz,69,D:\Colonel\final_year_project\02_INCLUDE_Dataset_Optimized\29. clean\MVI_9679.MOV
SIGN_0043_51. Clock_MVI_9093,SIGN_0043,42,clock,D:\Colonel\final_year_project\03_MediaPipe_Landmarks\Normalized_Landmarks\51. Clock_MVI_9093.npz,84,D:\Colonel\final_year_project\02_INCLUDE_Dataset_Optimized\51. Clock\MVI_9093.MP4
SIGN_0043_51. Clock_MVI_4959,SIGN_0043,42,clock,D:\Colonel\final_year_project\03_MediaPipe_Landmarks\Normalized_Landmarks\51. Clock_MVI_4959.npz,58,D:\Colonel\final_year_project\02_INCLUDE_Dataset_Optimized\51. Clock\MVI_4959.MOV
SIGN_0043_51. Clock_MVI_5381,SIGN_0043,42,clock,D:\Colonel\final_year_project\03_MediaPipe_Landmarks\Normalized_Landmarks\51. Clock_MVI_5381.npz,59,D:\Colonel\final_year_project\02_INCLUDE_Dataset_Optimized\51. Clock\MVI_5381.MOV
SIGN_0044_46. Clothing_MVI_8611,SIGN_0044,43,clothing,D:\Colonel\final_year_project\03_MediaPipe_Landmarks\Normalized_Landmarks\46. Clothing_MVI_8611.npz,67,D:\Colonel\final_year_project\02_INCLUDE_Dataset_Optimized\46. Clothing\MVI_8611.MP4
SIGN_0044_46. Clothing_MVI_3716,SIGN_0044,43,clothing,D:\Colonel\final_year_project\03_MediaPipe_Landmarks\Normalized_Landmarks\46. Clothing_MVI_3716.npz,61,D:\Colonel\final_year_project\02_INCLUDE_Dataset_Optimized\46. Clothing\MVI_3716.MOV
SIGN_0044_46. Clothing_MVI_5034,SIGN_0044,43,clothing,D:\Colonel\final_year_project\03_MediaPipe_Landmarks\Normalized_Landmarks\46. Clothing_MVI_5034.npz,49,D:\Colonel\final_year_project\02_INCLUDE_Dataset_Optimized\46. Clothing\MVI_5034.MOV
SIGN_0045_88. cold_MVI_5299,SIGN_0045,44,cold,D:\Colonel\final_year_project\03_MediaPipe_Landmarks\Normalized_Landmarks\88. cold_MVI_5299.npz,57,D:\Colonel\final_year_project\02_INCLUDE_Dataset_Optimized\88. cold\MVI_5299.MOV
SIGN_0045_88. cold_MVI_5139,SIGN_0045,44,cold,D:\Colonel\final_year_project\03_MediaPipe_Landmarks\Normalized_Landmarks\88. cold_MVI_5139.npz,56,D:\Colonel\final_year_project\02_INCLUDE_Dataset_Optimized\88. cold\MVI_5139.MOV
SIGN_0045_88. cold_MVI_9492,SIGN_0045,44,cold,D:\Colonel\final_year_project\03_MediaPipe_Landmarks\Normalized_Landmarks\88. cold_MVI_9492.npz,73,D:\Colonel\final_year_project\02_INCLUDE_Dataset_Optimized\88. cold\MVI_9492.MOV
SIGN_0046_57. Colour_MVI_5068,SIGN_0046,45,colour,D:\Colonel\final_year_project\03_MediaPipe_Landmarks\Normalized_Landmarks\57. Colour_MVI_5068.npz,44,D:\Colonel\final_year_project\02_INCLUDE_Dataset_Optimized\57. Colour\MVI_5068.MOV
SIGN_0046_57. Colour_MVI_3750,SIGN_0046,45,colour,D:\Colonel\final_year_project\03_MediaPipe_Landmarks\Normalized_Landmarks\57. Colour_MVI_3750.npz,59,D:\Colonel\final_year_project\02_INCLUDE_Dataset_Optimized\57. Colour\MVI_3750.MOV
SIGN_0046_57. Colour_MVI_8622,SIGN_0046,45,colour,D:\Colonel\final_year_project\03_MediaPipe_Landmarks\Normalized_Landmarks\57. Colour_MVI_8622.npz,58,D:\Colonel\final_year_project\02_INCLUDE_Dataset_Optimized\57. Colour\MVI_8622.MP4
SIGN_0047_55. Computer_MVI_9105,SIGN_0047,46,computer,D:\Colonel\final_year_project\03_MediaPipe_Landmarks\Normalized_Landmarks\55. Computer_MVI_9105.npz,97,D:\Colonel\final_year_project\02_INCLUDE_Dataset_Optimized\55. Computer\MVI_9105.MP4
SIGN_0047_55. Computer_MVI_4970,SIGN_0047,46,computer,D:\Colonel\final_year_project\03_MediaPipe_Landmarks\Normalized_Landmarks\55. Computer_MVI_4970.npz,63,D:\Colonel\final_year_project\02_INCLUDE_Dataset_Optimized\55. Computer\MVI_4970.MOV
SIGN_0047_55. Computer_MVI_5397,SIGN_0047,46,computer,D:\Colonel\final_year_project\03_MediaPipe_Landmarks\Normalized_Landmarks\55. Computer_MVI_5397.npz,69,D:\Colonel\final_year_project\02_INCLUDE_Dataset_Optimized\55. Computer\MVI_5397.MOV
SIGN_0048_90. cool_MVI_5305,SIGN_0048,47,cool,D:\Colonel\final_year_project\03_MediaPipe_Landmarks\Normalized_Landmarks\90. cool_MVI_5305.npz,48,D:\Colonel\final_year_project\02_INCLUDE_Dataset_Optimized\90. cool\MVI_5305.MOV
SIGN_0048_90. cool_MVI_9338,SIGN_0048,47,cool,D:\Colonel\final_year_project\03_MediaPipe_Landmarks\Normalized_Landmarks\90. cool_MVI_9338.npz,59,D:\Colonel\final_year_project\02_INCLUDE_Dataset_Optimized\90. cool\MVI_9338.MOV
SIGN_0048_90. cool_MVI_5145,SIGN_0048,47,cool,D:\Colonel\final_year_project\03_MediaPipe_Landmarks\Normalized_Landmarks\90. cool_MVI_5145.npz,75,D:\Colonel\final_year_project\02_INCLUDE_Dataset_Optimized\90. cool\MVI_5145.MOV
SIGN_0049_23. Court_MVI_3612,SIGN_0049,48,court,D:\Colonel\final_year_project\03_MediaPipe_Landmarks\Normalized_Landmarks\23. Court_MVI_3612.npz,61,D:\Colonel\final_year_project\02_INCLUDE_Dataset_Optimized\23. Court\MVI_3612.MOV
SIGN_0049_23. Court_MVI_3284,SIGN_0049,48,court,D:\Colonel\final_year_project\03_MediaPipe_Landmarks\Normalized_Landmarks\23. Court_MVI_3284.npz,74,D:\Colonel\final_year_project\02_INCLUDE_Dataset_Optimized\23. Court\MVI_3284.MOV
SIGN_0049_23. Court_MVI_3367,SIGN_0049,48,court,D:\Colonel\final_year_project\03_MediaPipe_Landmarks\Normalized_Landmarks\23. Court_MVI_3367.npz,69,D:\Colonel\final_year_project\02_INCLUDE_Dataset_Optimized\23. Court\MVI_3367.MOV
SIGN_0050_5. Cow_MVI_3047,SIGN_0050,49,cow,D:\Colonel\final_year_project\03_MediaPipe_Landmarks\Normalized_Landmarks\5. Cow_MVI_3047.npz,109,D:\Colonel\final_year_project\02_INCLUDE_Dataset_Optimized\5. Cow\MVI_3047.MOV
SIGN_0050_5. Cow_MVI_3097,SIGN_0050,49,cow,D:\Colonel\final_year_project\03_MediaPipe_Landmarks\Normalized_Landmarks\5. Cow_MVI_3097.npz,76,D:\Colonel\final_year_project\02_INCLUDE_Dataset_Optimized\5. Cow\MVI_3097.MOV
SIGN_0050_5. Cow_MVI_8570,SIGN_0050,49,cow,D:\Colonel\final_year_project\03_MediaPipe_Landmarks\Normalized_Landmarks\5. Cow_MVI_8570.npz,75,D:\Colonel\final_year_project\02_INCLUDE_Dataset_Optimized\5. Cow\MVI_8570.MP4
SIGN_0051_83. Crowd_MVI_8650,SIGN_0051,50,crowd,D:\Colonel\final_year_project\03_MediaPipe_Landmarks\Normalized_Landmarks\83. Crowd_MVI_8650.npz,64,D:\Colonel\final_year_project\02_INCLUDE_Dataset_Optimized\83. Crowd\MVI_8650.MP4
SIGN_0051_83. Crowd_MVI_4128,SIGN_0051,50,crowd,D:\Colonel\final_year_project\03_MediaPipe_Landmarks\Normalized_Landmarks\83. Crowd_MVI_4128.npz,57,D:\Colonel\final_year_project\02_INCLUDE_Dataset_Optimized\83. Crowd\MVI_4128.MOV
SIGN_0051_83. Crowd_MVI_5151,SIGN_0051,50,crowd,D:\Colonel\final_year_project\03_MediaPipe_Landmarks\Normalized_Landmarks\83. Crowd_MVI_5151.npz,57,D:\Colonel\final_year_project\02_INCLUDE_Dataset_Optimized\83. Crowd\MVI_5151.MOV
SIGN_0052_18. curved_MVI_9635,SIGN_0052,51,curved,D:\Colonel\final_year_project\03_MediaPipe_Landmarks\Normalized_Landmarks\18. curved_MVI_9635.npz,69,F:\Final_Year_Project\02_INCLUDE_Dataset_Optimized\18. curved\MVI_9635.MOV
SIGN_0052_18. curved_MVI_9762,SIGN_0052,51,curved,D:\Colonel\final_year_project\03_MediaPipe_Landmarks\Normalized_Landmarks\18. curved_MVI_9762.npz,70,F:\Final_Year_Project\02_INCLUDE_Dataset_Optimized\18. curved\MVI_9762.MOV
SIGN_0052_18. curved_MVI_9760,SIGN_0052,51,curved,D:\Colonel\final_year_project\03_MediaPipe_Landmarks\Normalized_Landmarks\18. curved_MVI_9760.npz,83,F:\Final_Year_Project\02_INCLUDE_Dataset_Optimized\18. curved\MVI_9760.MOV
SIGN_0053_59. Daughter_MVI_3756,SIGN_0053,52,daughter,D:\Colonel\final_year_project\03_MediaPipe_Landmarks\Normalized_Landmarks\59. Daughter_MVI_3756.npz,52,D:\Colonel\final_year_project\02_INCLUDE_Dataset_Optimized\59. Daughter\MVI_3756.MOV
SIGN_0053_59. Daughter_MVI_8624,SIGN_0053,52,daughter,D:\Colonel\final_year_project\03_MediaPipe_Landmarks\Normalized_Landmarks\59. Daughter_MVI_8624.npz,67,D:\Colonel\final_year_project\02_INCLUDE_Dataset_Optimized\59. Daughter\MVI_8624.MP4
SIGN_0053_59. Daughter_MVI_5074,SIGN_0053,52,daughter,D:\Colonel\final_year_project\03_MediaPipe_Landmarks\Normalized_Landmarks\59. Daughter_MVI_5074.npz,64,D:\Colonel\final_year_project\02_INCLUDE_Dataset_Optimized\59. Daughter\MVI_5074.MOV
SIGN_0054_33. dead_MVI_9699,SIGN_0054,53,dead,D:\Colonel\final_year_project\03_MediaPipe_Landmarks\Normalized_Landmarks\33. dead_MVI_9699.npz,49,D:\Colonel\final_year_project\02_INCLUDE_Dataset_Optimized\33. dead\MVI_9699.MOV
SIGN_0054_33. dead_MVI_9824,SIGN_0054,53,dead,D:\Colonel\final_year_project\03_MediaPipe_Landmarks\Normalized_Landmarks\33. dead_MVI_9824.npz,56,D:\Colonel\final_year_project\02_INCLUDE_Dataset_Optimized\33. dead\MVI_9824.MOV
SIGN_0054_33. dead_MVI_9826,SIGN_0054,53,dead,D:\Colonel\final_year_project\03_MediaPipe_Landmarks\Normalized_Landmarks\33. dead_MVI_9826.npz,51,D:\Colonel\final_year_project\02_INCLUDE_Dataset_Optimized\33. dead\MVI_9826.MOV
SIGN_0055_7. Deaf_MVI_9851,SIGN_0055,54,deaf,D:\Colonel\final_year_project\03_MediaPipe_Landmarks\Normalized_Landmarks\7. Deaf_MVI_9851.npz,50,D:\Colonel\final_year_project\02_INCLUDE_Dataset_Optimized\7. Deaf\MVI_9851.MOV
SIGN_0055_7. Deaf_MVI_9580,SIGN_0055,54,deaf,D:\Colonel\final_year_project\03_MediaPipe_Landmarks\Normalized_Landmarks\7. Deaf_MVI_9580.npz,61,D:\Colonel\final_year_project\02_INCLUDE_Dataset_Optimized\7. Deaf\MVI_9580.MOV
SIGN_0055_7. Deaf_MVI_9849,SIGN_0055,54,deaf,D:\Colonel\final_year_project\03_MediaPipe_Landmarks\Normalized_Landmarks\7. Deaf_MVI_9849.npz,56,D:\Colonel\final_year_project\02_INCLUDE_Dataset_Optimized\7. Deaf\MVI_9849.MOV
SIGN_0056_2. Death_MVI_4255,SIGN_0056,55,death,D:\Colonel\final_year_project\03_MediaPipe_Landmarks\Normalized_Landmarks\2. Death_MVI_4255.npz,63,F:\Final_Year_Project\02_INCLUDE_Dataset_Optimized\2. Death\MVI_4255.MOV
SIGN_0056_2. Death_MVI_8932,SIGN_0056,55,death,D:\Colonel\final_year_project\03_MediaPipe_Landmarks\Normalized_Landmarks\2. Death_MVI_8932.npz,71,F:\Final_Year_Project\02_INCLUDE_Dataset_Optimized\2. Death\MVI_8932.MP4
SIGN_0056_2. Death_MVI_4800,SIGN_0056,55,death,D:\Colonel\final_year_project\03_MediaPipe_Landmarks\Normalized_Landmarks\2. Death_MVI_4800.npz,62,F:\Final_Year_Project\02_INCLUDE_Dataset_Optimized\2. Death\MVI_4800.MOV
SIGN_0057_27. deep_MVI_9670,SIGN_0057,56,deep,D:\Colonel\final_year_project\03_MediaPipe_Landmarks\Normalized_Landmarks\27. deep_MVI_9670.npz,65,D:\Colonel\final_year_project\02_INCLUDE_Dataset_Optimized\27. deep\MVI_9670.MOV
SIGN_0057_27. deep_MVI_9672,SIGN_0057,56,deep,D:\Colonel\final_year_project\03_MediaPipe_Landmarks\Normalized_Landmarks\27. deep_MVI_9672.npz,72,D:\Colonel\final_year_project\02_INCLUDE_Dataset_Optimized\27. deep\MVI_9672.MOV
SIGN_0057_27. deep_MVI_9798,SIGN_0057,56,deep,D:\Colonel\final_year_project\03_MediaPipe_Landmarks\Normalized_Landmarks\27. deep_MVI_9798.npz,61,D:\Colonel\final_year_project\02_INCLUDE_Dataset_Optimized\27. deep\MVI_9798.MOV
SIGN_0058_30. dirty_MVI_9686,SIGN_0058,57,dirty,D:\Colonel\final_year_project\03_MediaPipe_Landmarks\Normalized_Landmarks\30. dirty_MVI_9686.npz,69,D:\Colonel\final_year_project\02_INCLUDE_Dataset_Optimized\30. dirty\MVI_9686.MOV
SIGN_0058_30. dirty_MVI_9811,SIGN_0058,57,dirty,D:\Colonel\final_year_project\03_MediaPipe_Landmarks\Normalized_Landmarks\30. dirty_MVI_9811.npz,70,D:\Colonel\final_year_project\02_INCLUDE_Dataset_Optimized\30. dirty\MVI_9811.MOV
SIGN_0058_30. dirty_MVI_9813,SIGN_0058,57,dirty,D:\Colonel\final_year_project\03_MediaPipe_Landmarks\Normalized_Landmarks\30. dirty_MVI_9813.npz,72,D:\Colonel\final_year_project\02_INCLUDE_Dataset_Optimized\30. dirty\MVI_9813.MOV
SIGN_0059_87. Doctor_MVI_5324,SIGN_0059,58,doctor,D:\Colonel\final_year_project\03_MediaPipe_Landmarks\Normalized_Landmarks\87. Doctor_MVI_5324.npz,46,D:\Colonel\final_year_project\02_INCLUDE_Dataset_Optimized\87. Doctor\MVI_5324.MOV
SIGN_0059_87. Doctor_MVI_8876,SIGN_0059,58,doctor,D:\Colonel\final_year_project\03_MediaPipe_Landmarks\Normalized_Landmarks\87. Doctor_MVI_8876.npz,79,D:\Colonel\final_year_project\02_INCLUDE_Dataset_Optimized\87. Doctor\MVI_8876.MP4
SIGN_0059_87. Doctor_MVI_4754,SIGN_0059,58,doctor,D:\Colonel\final_year_project\03_MediaPipe_Landmarks\Normalized_Landmarks\87. Doctor_MVI_4754.npz,61,D:\Colonel\final_year_project\02_INCLUDE_Dataset_Optimized\87. Doctor\MVI_4754.MOV
SIGN_0060_1. Dog_MVI_8561,SIGN_0060,59,dog,D:\Colonel\final_year_project\03_MediaPipe_Landmarks\Normalized_Landmarks\1. Dog_MVI_8561.npz,67,F:\Final_Year_Project\02_INCLUDE_Dataset_Optimized\1. Dog\MVI_8561.MP4
SIGN_0060_1. Dog_MVI_2978,SIGN_0060,59,dog,D:\Colonel\final_year_project\03_MediaPipe_Landmarks\Normalized_Landmarks\1. Dog_MVI_2978.npz,117,F:\Final_Year_Project\02_INCLUDE_Dataset_Optimized\1. Dog\MVI_2978.MOV
SIGN_0060_1. Dog_MVI_3086,SIGN_0060,59,dog,D:\Colonel\final_year_project\03_MediaPipe_Landmarks\Normalized_Landmarks\1. Dog_MVI_3086.npz,83,F:\Final_Year_Project\02_INCLUDE_Dataset_Optimized\1. Dog\MVI_3086.MOV
SIGN_0061_29. Door_MVI_4884,SIGN_0061,60,door,D:\Colonel\final_year_project\03_MediaPipe_Landmarks\Normalized_Landmarks\29. Door_MVI_4884.npz,43,D:\Colonel\final_year_project\02_INCLUDE_Dataset_Optimized\29. Door\MVI_4884.MOV
SIGN_0061_29. Door_MVI_8772,SIGN_0061,60,door,D:\Colonel\final_year_project\03_MediaPipe_Landmarks\Normalized_Landmarks\29. Door_MVI_8772.npz,74,D:\Colonel\final_year_project\02_INCLUDE_Dataset_Optimized\29. Door\MVI_8772.MP4
SIGN_0061_29. Door_MVI_9018,SIGN_0061,60,door,D:\Colonel\final_year_project\03_MediaPipe_Landmarks\Normalized_Landmarks\29. Door_MVI_9018.npz,75,D:\Colonel\final_year_project\02_INCLUDE_Dataset_Optimized\29. Door\MVI_9018.MP4
SIGN_0062_27. Dream_MVI_9012,SIGN_0062,61,dream,D:\Colonel\final_year_project\03_MediaPipe_Landmarks\Normalized_Landmarks\27. Dream_MVI_9012.npz,85,D:\Colonel\final_year_project\02_INCLUDE_Dataset_Optimized\27. Dream\MVI_9012.MP4
SIGN_0062_27. Dream_MVI_8764,SIGN_0062,61,dream,D:\Colonel\final_year_project\03_MediaPipe_Landmarks\Normalized_Landmarks\27. Dream_MVI_8764.npz,93,D:\Colonel\final_year_project\02_INCLUDE_Dataset_Optimized\27. Dream\MVI_8764.MP4
SIGN_0062_27. Dream_MVI_4357,SIGN_0062,61,dream,D:\Colonel\final_year_project\03_MediaPipe_Landmarks\Normalized_Landmarks\27. Dream_MVI_4357.npz,72,D:\Colonel\final_year_project\02_INCLUDE_Dataset_Optimized\27. Dream\MVI_4357.MOV
SIGN_0063_38. Dress_MVI_3987,SIGN_0063,62,dress,D:\Colonel\final_year_project\03_MediaPipe_Landmarks\Normalized_Landmarks\38. Dress_MVI_3987.npz,68,D:\Colonel\final_year_project\02_INCLUDE_Dataset_Optimized\38. Dress\MVI_3987.MOV
SIGN_0063_38. Dress_MVI_8601,SIGN_0063,62,dress,D:\Colonel\final_year_project\03_MediaPipe_Landmarks\Normalized_Landmarks\38. Dress_MVI_8601.npz,54,D:\Colonel\final_year_project\02_INCLUDE_Dataset_Optimized\38. Dress\MVI_8601.MP4
SIGN_0063_38. Dress_MVI_3693,SIGN_0063,62,dress,D:\Colonel\final_year_project\03_MediaPipe_Landmarks\Normalized_Landmarks\38. Dress_MVI_3693.npz,59,D:\Colonel\final_year_project\02_INCLUDE_Dataset_Optimized\38. Dress\MVI_3693.MOV
SIGN_0064_97. dry_MVI_5167,SIGN_0064,63,dry,D:\Colonel\final_year_project\03_MediaPipe_Landmarks\Normalized_Landmarks\97. dry_MVI_5167.npz,68,D:\Colonel\final_year_project\02_INCLUDE_Dataset_Optimized\97. dry\MVI_5167.MOV
SIGN_0064_97. dry_MVI_5327,SIGN_0064,63,dry,D:\Colonel\final_year_project\03_MediaPipe_Landmarks\Normalized_Landmarks\97. dry_MVI_5327.npz,58,D:\Colonel\final_year_project\02_INCLUDE_Dataset_Optimized\97. dry\MVI_5327.MOV
SIGN_0064_97. dry_MVI_9523,SIGN_0064,63,dry,D:\Colonel\final_year_project\03_MediaPipe_Landmarks\Normalized_Landmarks\97. dry_MVI_9523.npz,66,D:\Colonel\final_year_project\02_INCLUDE_Dataset_Optimized\97. dry\MVI_9523.MOV
SIGN_0065_14. Election_MVI_8969,SIGN_0065,64,election,D:\Colonel\final_year_project\03_MediaPipe_Landmarks\Normalized_Landmarks\14. Election_MVI_8969.npz,71,F:\Final_Year_Project\02_INCLUDE_Dataset_Optimized\14. Election\MVI_8969.MP4
SIGN_0065_14. Election_MVI_4304,SIGN_0065,64,election,D:\Colonel\final_year_project\03_MediaPipe_Landmarks\Normalized_Landmarks\14. Election_MVI_4304.npz,72,F:\Final_Year_Project\02_INCLUDE_Dataset_Optimized\14. Election\MVI_4304.MOV
SIGN_0065_14. Election_MVI_8712,SIGN_0065,64,election,D:\Colonel\final_year_project\03_MediaPipe_Landmarks\Normalized_Landmarks\14. Election_MVI_8712.npz,83,F:\Final_Year_Project\02_INCLUDE_Dataset_Optimized\14. Election\MVI_8712.MP4
SIGN_0066_10. Energy_MVI_8695,SIGN_0066,65,energy,D:\Colonel\final_year_project\03_MediaPipe_Landmarks\Normalized_Landmarks\10. Energy_MVI_8695.npz,68,F:\Final_Year_Project\02_INCLUDE_Dataset_Optimized\10. Energy\MVI_8695.MP4
SIGN_0066_10. Energy_MVI_4827,SIGN_0066,65,energy,D:\Colonel\final_year_project\03_MediaPipe_Landmarks\Normalized_Landmarks\10. Energy_MVI_4827.npz,51,F:\Final_Year_Project\02_INCLUDE_Dataset_Optimized\10. Energy\MVI_4827.MOV
SIGN_0066_10. Energy_MVI_4287,SIGN_0066,65,energy,D:\Colonel\final_year_project\03_MediaPipe_Landmarks\Normalized_Landmarks\10. Energy_MVI_4287.npz,46,F:\Final_Year_Project\02_INCLUDE_Dataset_Optimized\10. Energy\MVI_4287.MOV
SIGN_0067_84. Evening_MVI_5070,SIGN_0067,66,evening,D:\Colonel\final_year_project\03_MediaPipe_Landmarks\Normalized_Landmarks\84. Evening_MVI_5070.npz,42,D:\Colonel\final_year_project\02_INCLUDE_Dataset_Optimized\84. Evening\MVI_5070.MOV
SIGN_0067_84. Evening_MVI_5518,SIGN_0067,66,evening,D:\Colonel\final_year_project\03_MediaPipe_Landmarks\Normalized_Landmarks\84. Evening_MVI_5518.npz,34,D:\Colonel\final_year_project\02_INCLUDE_Dataset_Optimized\84. Evening\MVI_5518.MOV
SIGN_0067_84. Evening_MVI_4659,SIGN_0067,66,evening,D:\Colonel\final_year_project\03_MediaPipe_Landmarks\Normalized_Landmarks\84. Evening_MVI_4659.npz,57,D:\Colonel\final_year_project\02_INCLUDE_Dataset_Optimized\84. Evening\MVI_4659.MOV
SIGN_0068_18. Exercise_MVI_8981,SIGN_0068,67,exercise,D:\Colonel\final_year_project\03_MediaPipe_Landmarks\Normalized_Landmarks\18. Exercise_MVI_8981.npz,62,F:\Final_Year_Project\02_INCLUDE_Dataset_Optimized\18. Exercise\MVI_8981.MP4
SIGN_0068_18. Exercise_MVI_4851,SIGN_0068,67,exercise,D:\Colonel\final_year_project\03_MediaPipe_Landmarks\Normalized_Landmarks\18. Exercise_MVI_4851.npz,59,F:\Final_Year_Project\02_INCLUDE_Dataset_Optimized\18. Exercise\MVI_4851.MOV
SIGN_0068_18. Exercise_MVI_8728,SIGN_0068,67,exercise,D:\Colonel\final_year_project\03_MediaPipe_Landmarks\Normalized_Landmarks\18. Exercise_MVI_8728.npz,65,F:\Final_Year_Project\02_INCLUDE_Dataset_Optimized\18. Exercise\MVI_8728.MP4
SIGN_0069_15. expensive_MVI_9613,SIGN_0069,68,expensive,D:\Colonel\final_year_project\03_MediaPipe_Landmarks\Normalized_Landmarks\15. expensive_MVI_9613.npz,76,F:\Final_Year_Project\02_INCLUDE_Dataset_Optimized\15. expensive\MVI_9613.MOV
SIGN_0069_15. expensive_MVI_9749,SIGN_0069,68,expensive,D:\Colonel\final_year_project\03_MediaPipe_Landmarks\Normalized_Landmarks\15. expensive_MVI_9749.npz,63,F:\Final_Year_Project\02_INCLUDE_Dataset_Optimized\15. expensive\MVI_9749.MOV
SIGN_0069_15. expensive_MVI_9615,SIGN_0069,68,expensive,D:\Colonel\final_year_project\03_MediaPipe_Landmarks\Normalized_Landmarks\15. expensive_MVI_9615.npz,73,F:\Final_Year_Project\02_INCLUDE_Dataset_Optimized\15. expensive\MVI_9615.MOV
SIGN_0070_64. Fall_MVI_5000,SIGN_0070,69,fall,D:\Colonel\final_year_project\03_MediaPipe_Landmarks\Normalized_Landmarks\64. Fall_MVI_5000.npz,38,D:\Colonel\final_year_project\02_INCLUDE_Dataset_Optimized\64. Fall\MVI_5000.MOV
SIGN_0070_64. Fall_MVI_4577,SIGN_0070,69,fall,D:\Colonel\final_year_project\03_MediaPipe_Landmarks\Normalized_Landmarks\64. Fall_MVI_4577.npz,71,D:\Colonel\final_year_project\02_INCLUDE_Dataset_Optimized\64. Fall\MVI_4577.MOV
SIGN_0070_64. Fall_MVI_5435,SIGN_0070,69,fall,D:\Colonel\final_year_project\03_MediaPipe_Landmarks\Normalized_Landmarks\64. Fall_MVI_5435.npz,59,D:\Colonel\final_year_project\02_INCLUDE_Dataset_Optimized\64. Fall\MVI_5435.MOV
SIGN_0071_68. Family_MVI_5102,SIGN_0071,70,family,D:\Colonel\final_year_project\03_MediaPipe_Landmarks\Normalized_Landmarks\68. Family_MVI_5102.npz,62,D:\Colonel\final_year_project\02_INCLUDE_Dataset_Optimized\68. Family\MVI_5102.MOV
SIGN_0071_68. Family_MVI_3935,SIGN_0071,70,family,D:\Colonel\final_year_project\03_MediaPipe_Landmarks\Normalized_Landmarks\68. Family_MVI_3935.npz,62,D:\Colonel\final_year_project\02_INCLUDE_Dataset_Optimized\68. Family\MVI_3935.MOV
SIGN_0071_68. Family_MVI_8635,SIGN_0071,70,family,D:\Colonel\final_year_project\03_MediaPipe_Landmarks\Normalized_Landmarks\68. Family_MVI_8635.npz,79,D:\Colonel\final_year_project\02_INCLUDE_Dataset_Optimized\68. Family\MVI_8635.MP4
SIGN_0072_39. famous_MVI_9717,SIGN_0072,71,famous,D:\Colonel\final_year_project\03_MediaPipe_Landmarks\Normalized_Landmarks\39. famous_MVI_9717.npz,48,D:\Colonel\final_year_project\02_INCLUDE_Dataset_Optimized\39. famous\MVI_9717.MOV
SIGN_0072_39. famous_MVI_9843,SIGN_0072,71,famous,D:\Colonel\final_year_project\03_MediaPipe_Landmarks\Normalized_Landmarks\39. famous_MVI_9843.npz,52,D:\Colonel\final_year_project\02_INCLUDE_Dataset_Optimized\39. famous\MVI_9843.MOV
SIGN_0072_39. famous_MVI_9715,SIGN_0072,71,famous,D:\Colonel\final_year_project\03_MediaPipe_Landmarks\Normalized_Landmarks\39. famous_MVI_9715.npz,51,D:\Colonel\final_year_project\02_INCLUDE_Dataset_Optimized\39. famous\MVI_9715.MOV
SIGN_0073_53. Fan_MVI_5388,SIGN_0073,72,fan,D:\Colonel\final_year_project\03_MediaPipe_Landmarks\Normalized_Landmarks\53. Fan_MVI_5388.npz,53,D:\Colonel\final_year_project\02_INCLUDE_Dataset_Optimized\53. Fan\MVI_5388.MOV
SIGN_0073_53. Fan_MVI_9099,SIGN_0073,72,fan,D:\Colonel\final_year_project\03_MediaPipe_Landmarks\Normalized_Landmarks\53. Fan_MVI_9099.npz,87,D:\Colonel\final_year_project\02_INCLUDE_Dataset_Optimized\53. Fan\MVI_9099.MP4
SIGN_0073_53. Fan_MVI_4532,SIGN_0073,72,fan,D:\Colonel\final_year_project\03_MediaPipe_Landmarks\Normalized_Landmarks\53. Fan_MVI_4532.npz,78,D:\Colonel\final_year_project\02_INCLUDE_Dataset_Optimized\53. Fan\MVI_4532.MOV
SIGN_0074_86. fast_MVI_9326,SIGN_0074,73,fast,D:\Colonel\final_year_project\03_MediaPipe_Landmarks\Normalized_Landmarks\86. fast_MVI_9326.npz,48,D:\Colonel\final_year_project\02_INCLUDE_Dataset_Optimized\86. fast\MVI_9326.MOV
SIGN_0074_86. fast_MVI_5133,SIGN_0074,73,fast,D:\Colonel\final_year_project\03_MediaPipe_Landmarks\Normalized_Landmarks\86. fast_MVI_5133.npz,65,D:\Colonel\final_year_project\02_INCLUDE_Dataset_Optimized\86. fast\MVI_5133.MOV
SIGN_0074_86. fast_MVI_9486,SIGN_0074,73,fast,D:\Colonel\final_year_project\03_MediaPipe_Landmarks\Normalized_Landmarks\86. fast_MVI_9486.npz,62,D:\Colonel\final_year_project\02_INCLUDE_Dataset_Optimized\86. fast\MVI_9486.MOV
SIGN_0075_61. Father_MVI_8626,SIGN_0075,74,father,D:\Colonel\final_year_project\03_MediaPipe_Landmarks\Normalized_Landmarks\61. Father_MVI_8626.npz,66,D:\Colonel\final_year_project\02_INCLUDE_Dataset_Optimized\61. Father\MVI_8626.MP4
SIGN_0075_61. Father_MVI_3763,SIGN_0075,74,father,D:\Colonel\final_year_project\03_MediaPipe_Landmarks\Normalized_Landmarks\61. Father_MVI_3763.npz,51,D:\Colonel\final_year_project\02_INCLUDE_Dataset_Optimized\61. Father\MVI_3763.MOV
SIGN_0075_61. Father_MVI_4060,SIGN_0075,74,father,D:\Colonel\final_year_project\03_MediaPipe_Landmarks\Normalized_Landmarks\61. Father_MVI_4060.npz,56,D:\Colonel\final_year_project\02_INCLUDE_Dataset_Optimized\61. Father\MVI_4060.MOV
SIGN_0076_20. female_MVI_9768,SIGN_0076,75,female,D:\Colonel\final_year_project\03_MediaPipe_Landmarks\Normalized_Landmarks\20. female_MVI_9768.npz,53,F:\Final_Year_Project\02_INCLUDE_Dataset_Optimized\20. female\MVI_9768.MOV
SIGN_0076_20. female_MVI_9770,SIGN_0076,75,female,D:\Colonel\final_year_project\03_MediaPipe_Landmarks\Normalized_Landmarks\20. female_MVI_9770.npz,56,F:\Final_Year_Project\02_INCLUDE_Dataset_Optimized\20. female\MVI_9770.MOV
SIGN_0076_20. female_MVI_9644,SIGN_0076,75,female,D:\Colonel\final_year_project\03_MediaPipe_Landmarks\Normalized_Landmarks\20. female_MVI_9644.npz,46,F:\Final_Year_Project\02_INCLUDE_Dataset_Optimized\20. female\MVI_9644.MOV
SIGN_0077_3. Fish_MVI_3034,SIGN_0077,76,fish,D:\Colonel\final_year_project\03_MediaPipe_Landmarks\Normalized_Landmarks\3. Fish_MVI_3034.npz,77,D:\Colonel\final_year_project\02_INCLUDE_Dataset_Optimized\3. Fish\MVI_3034.MOV
SIGN_0077_3. Fish_MVI_8566,SIGN_0077,76,fish,D:\Colonel\final_year_project\03_MediaPipe_Landmarks\Normalized_Landmarks\3. Fish_MVI_8566.npz,77,D:\Colonel\final_year_project\02_INCLUDE_Dataset_Optimized\3. Fish\MVI_8566.MP4
SIGN_0077_3. Fish_MVI_3092,SIGN_0077,76,fish,D:\Colonel\final_year_project\03_MediaPipe_Landmarks\Normalized_Landmarks\3. Fish_MVI_3092.npz,83,D:\Colonel\final_year_project\02_INCLUDE_Dataset_Optimized\3. Fish\MVI_3092.MOV
SIGN_0078_17. flat_MVI_9623,SIGN_0078,77,flat,D:\Colonel\final_year_project\03_MediaPipe_Landmarks\Normalized_Landmarks\17. flat_MVI_9623.npz,70,F:\Final_Year_Project\02_INCLUDE_Dataset_Optimized\17. flat\MVI_9623.MOV
SIGN_0078_17. flat_MVI_9756,SIGN_0078,77,flat,D:\Colonel\final_year_project\03_MediaPipe_Landmarks\Normalized_Landmarks\17. flat_MVI_9756.npz,65,F:\Final_Year_Project\02_INCLUDE_Dataset_Optimized\17. flat\MVI_9756.MOV
SIGN_0078_17. flat_MVI_9758,SIGN_0078,77,flat,D:\Colonel\final_year_project\03_MediaPipe_Landmarks\Normalized_Landmarks\17. flat_MVI_9758.npz,63,F:\Final_Year_Project\02_INCLUDE_Dataset_Optimized\17. flat\MVI_9758.MOV
SIGN_0079_71. Friday_MVI_4607,SIGN_0079,78,friday,D:\Colonel\final_year_project\03_MediaPipe_Landmarks\Normalized_Landmarks\71. Friday_MVI_4607.npz,56,D:\Colonel\final_year_project\02_INCLUDE_Dataset_Optimized\71. Friday\MVI_4607.MOV
SIGN_0079_71. Friday_MVI_5464,SIGN_0079,78,friday,D:\Colonel\final_year_project\03_MediaPipe_Landmarks\Normalized_Landmarks\71. Friday_MVI_5464.npz,52,D:\Colonel\final_year_project\02_INCLUDE_Dataset_Optimized\71. Friday\MVI_5464.MOV
SIGN_0079_71. Friday_MVI_5022,SIGN_0079,78,friday,D:\Colonel\final_year_project\03_MediaPipe_Landmarks\Normalized_Landmarks\71. Friday_MVI_5022.npz,47,D:\Colonel\final_year_project\02_INCLUDE_Dataset_Optimized\71. Friday\MVI_5022.MOV
SIGN_0080_81. Friend_MVI_5145,SIGN_0080,79,friend,D:\Colonel\final_year_project\03_MediaPipe_Landmarks\Normalized_Landmarks\81. Friend_MVI_5145.npz,56,D:\Colonel\final_year_project\02_INCLUDE_Dataset_Optimized\81. Friend\MVI_5145.MOV
SIGN_0080_81. Friend_MVI_3826,SIGN_0080,79,friend,D:\Colonel\final_year_project\03_MediaPipe_Landmarks\Normalized_Landmarks\81. Friend_MVI_3826.npz,61,D:\Colonel\final_year_project\02_INCLUDE_Dataset_Optimized\81. Friend\MVI_3826.MOV
SIGN_0080_81. Friend_MVI_8648,SIGN_0080,79,friend,D:\Colonel\final_year_project\03_MediaPipe_Landmarks\Normalized_Landmarks\81. Friend_MVI_8648.npz,59,D:\Colonel\final_year_project\02_INCLUDE_Dataset_Optimized\81. Friend\MVI_8648.MP4
SIGN_0081_47. Gift_MVI_8848,SIGN_0081,80,gift,D:\Colonel\final_year_project\03_MediaPipe_Landmarks\Normalized_Landmarks\47. Gift_MVI_8848.npz,66,D:\Colonel\final_year_project\02_INCLUDE_Dataset_Optimized\47. Gift\MVI_8848.MP4
SIGN_0081_47. Gift_MVI_4441,SIGN_0081,80,gift,D:\Colonel\final_year_project\03_MediaPipe_Landmarks\Normalized_Landmarks\47. Gift_MVI_4441.npz,46,D:\Colonel\final_year_project\02_INCLUDE_Dataset_Optimized\47. Gift\MVI_4441.MOV
SIGN_0081_47. Gift_MVI_9081,SIGN_0081,80,gift,D:\Colonel\final_year_project\03_MediaPipe_Landmarks\Normalized_Landmarks\47. Gift_MVI_9081.npz,74,D:\Colonel\final_year_project\02_INCLUDE_Dataset_Optimized\47. Gift\MVI_9081.MP4
SIGN_0082_78. Girl_MVI_3817,SIGN_0082,81,girl,D:\Colonel\final_year_project\03_MediaPipe_Landmarks\Normalized_Landmarks\78. Girl_MVI_3817.npz,51,D:\Colonel\final_year_project\02_INCLUDE_Dataset_Optimized\78. Girl\MVI_3817.MOV
SIGN_0082_78. Girl_MVI_5135,SIGN_0082,81,girl,D:\Colonel\final_year_project\03_MediaPipe_Landmarks\Normalized_Landmarks\78. Girl_MVI_5135.npz,54,D:\Colonel\final_year_project\02_INCLUDE_Dataset_Optimized\78. Girl\MVI_5135.MOV
SIGN_0082_78. Girl_MVI_4113,SIGN_0082,81,girl,D:\Colonel\final_year_project\03_MediaPipe_Landmarks\Normalized_Landmarks\78. Girl_MVI_4113.npz,53,D:\Colonel\final_year_project\02_INCLUDE_Dataset_Optimized\78. Girl\MVI_4113.MOV
SIGN_0083_23. God_MVI_4340,SIGN_0083,82,god,D:\Colonel\final_year_project\03_MediaPipe_Landmarks\Normalized_Landmarks\23. God_MVI_4340.npz,66,D:\Colonel\final_year_project\02_INCLUDE_Dataset_Optimized\23. God\MVI_4340.MOV
SIGN_0083_23. God_MVI_8997,SIGN_0083,82,god,D:\Colonel\final_year_project\03_MediaPipe_Landmarks\Normalized_Landmarks\23. God_MVI_8997.npz,60,D:\Colonel\final_year_project\02_INCLUDE_Dataset_Optimized\23. God\MVI_8997.MP4
SIGN_0083_23. God_MVI_4866,SIGN_0083,82,god,D:\Colonel\final_year_project\03_MediaPipe_Landmarks\Normalized_Landmarks\23. God_MVI_4866.npz,53,D:\Colonel\final_year_project\02_INCLUDE_Dataset_Optimized\23. God\MVI_4866.MOV
SIGN_0084_94. good_MVI_9350,SIGN_0084,83,good,D:\Colonel\final_year_project\03_MediaPipe_Landmarks\Normalized_Landmarks\94. good_MVI_9350.npz,45,D:\Colonel\final_year_project\02_INCLUDE_Dataset_Optimized\94. good\MVI_9350.MOV
SIGN_0084_94. good_MVI_9512,SIGN_0084,83,good,D:\Colonel\final_year_project\03_MediaPipe_Landmarks\Normalized_Landmarks\94. good_MVI_9512.npz,50,D:\Colonel\final_year_project\02_INCLUDE_Dataset_Optimized\94. good\MVI_9512.MOV
SIGN_0084_94. good_MVI_5158,SIGN_0084,83,good,D:\Colonel\final_year_project\03_MediaPipe_Landmarks\Normalized_Landmarks\94. good_MVI_5158.npz,73,D:\Colonel\final_year_project\02_INCLUDE_Dataset_Optimized\94. good\MVI_5158.MOV
SIGN_0085_52. Good afternoon_MVI_9996,SIGN_0085,84,good afternoon,D:\Colonel\final_year_project\03_MediaPipe_Landmarks\Normalized_Landmarks\52. Good afternoon_MVI_9996.npz,60,D:\Colonel\final_year_project\02_INCLUDE_Dataset_Optimized\52. Good afternoon\MVI_9996.MOV
SIGN_0085_52. Good afternoon_MVI_9939,SIGN_0085,84,good afternoon,D:\Colonel\final_year_project\03_MediaPipe_Landmarks\Normalized_Landmarks\52. Good afternoon_MVI_9939.npz,47,D:\Colonel\final_year_project\02_INCLUDE_Dataset_Optimized\52. Good afternoon\MVI_9939.MOV
SIGN_0085_52. Good afternoon_MVI_0046,SIGN_0085,84,good afternoon,D:\Colonel\final_year_project\03_MediaPipe_Landmarks\Normalized_Landmarks\52. Good afternoon_MVI_0046.npz,91,D:\Colonel\final_year_project\02_INCLUDE_Dataset_Optimized\52. Good afternoon\MVI_0046.MOV
SIGN_0086_53. Good evening_MVI_005_4 (3),SIGN_0086,85,good evening,D:\Colonel\final_year_project\03_MediaPipe_Landmarks\Normalized_Landmarks\53. Good evening_MVI_005_4 (3).npz,95,D:\Colonel\final_year_project\02_INCLUDE_Dataset_Optimized\53. Good evening\MVI_005_4 (3).MOV
SIGN_0086_53. Good evening_MVI_9999,SIGN_0086,85,good evening,D:\Colonel\final_year_project\03_MediaPipe_Landmarks\Normalized_Landmarks\53. Good evening_MVI_9999.npz,56,D:\Colonel\final_year_project\02_INCLUDE_Dataset_Optimized\53. Good evening\MVI_9999.MOV
SIGN_0086_53. Good evening_MVI_0001,SIGN_0086,85,good evening,D:\Colonel\final_year_project\03_MediaPipe_Landmarks\Normalized_Landmarks\53. Good evening_MVI_0001.npz,55,D:\Colonel\final_year_project\02_INCLUDE_Dataset_Optimized\53. Good evening\MVI_0001.MOV
SIGN_0087_51. Good Morning_MVI_0098,SIGN_0087,86,good morning,D:\Colonel\final_year_project\03_MediaPipe_Landmarks\Normalized_Landmarks\51. Good Morning_MVI_0098.npz,66,D:\Colonel\final_year_project\02_INCLUDE_Dataset_Optimized\51. Good Morning\MVI_0098.MOV
SIGN_0087_51. Good Morning_MVI_0042,SIGN_0087,86,good morning,D:\Colonel\final_year_project\03_MediaPipe_Landmarks\Normalized_Landmarks\51. Good Morning_MVI_0042.npz,85,D:\Colonel\final_year_project\02_INCLUDE_Dataset_Optimized\51. Good Morning\MVI_0042.MOV
SIGN_0087_51. Good Morning_MVI_9935,SIGN_0087,86,good morning,D:\Colonel\final_year_project\03_MediaPipe_Landmarks\Normalized_Landmarks\51. Good Morning_MVI_9935.npz,48,D:\Colonel\final_year_project\02_INCLUDE_Dataset_Optimized\51. Good Morning\MVI_9935.MOV
SIGN_0088_54. Good night_MVI_0058,SIGN_0088,87,good night,D:\Colonel\final_year_project\03_MediaPipe_Landmarks\Normalized_Landmarks\54. Good night_MVI_0058.npz,91,D:\Colonel\final_year_project\02_INCLUDE_Dataset_Optimized\54. Good night\MVI_0058.MOV
SIGN_0088_54. Good night_MVI_9983,SIGN_0088,87,good night,D:\Colonel\final_year_project\03_MediaPipe_Landmarks\Normalized_Landmarks\54. Good night_MVI_9983.npz,67,D:\Colonel\final_year_project\02_INCLUDE_Dataset_Optimized\54. Good night\MVI_9983.MOV
SIGN_0088_54. Good night_MVI_9944,SIGN_0088,87,good night,D:\Colonel\final_year_project\03_MediaPipe_Landmarks\Normalized_Landmarks\54. Good night_MVI_9944.npz,55,D:\Colonel\final_year_project\02_INCLUDE_Dataset_Optimized\54. Good night\MVI_9944.MOV
SIGN_0089_69. Grandfather_MVI_8636,SIGN_0089,88,grandfather,D:\Colonel\final_year_project\03_MediaPipe_Landmarks\Normalized_Landmarks\69. Grandfather_MVI_8636.npz,86,D:\Colonel\final_year_project\02_INCLUDE_Dataset_Optimized\69. Grandfather\MVI_8636.MP4
SIGN_0089_69. Grandfather_MVI_5105,SIGN_0089,88,grandfather,D:\Colonel\final_year_project\03_MediaPipe_Landmarks\Normalized_Landmarks\69. Grandfather_MVI_5105.npz,79,D:\Colonel\final_year_project\02_INCLUDE_Dataset_Optimized\69. Grandfather\MVI_5105.MOV
SIGN_0089_69. Grandfather_MVI_3790,SIGN_0089,88,grandfather,D:\Colonel\final_year_project\03_MediaPipe_Landmarks\Normalized_Landmarks\69. Grandfather_MVI_3790.npz,78,D:\Colonel\final_year_project\02_INCLUDE_Dataset_Optimized\69. Grandfather\MVI_3790.MOV
SIGN_0090_70. Grandmother_MVI_5108,SIGN_0090,89,grandmother,D:\Colonel\final_year_project\03_MediaPipe_Landmarks\Normalized_Landmarks\70. Grandmother_MVI_5108.npz,77,D:\Colonel\final_year_project\02_INCLUDE_Dataset_Optimized\70. Grandmother\MVI_5108.MOV
SIGN_0090_70. Grandmother_MVI_3793,SIGN_0090,89,grandmother,D:\Colonel\final_year_project\03_MediaPipe_Landmarks\Normalized_Landmarks\70. Grandmother_MVI_3793.npz,66,D:\Colonel\final_year_project\02_INCLUDE_Dataset_Optimized\70. Grandmother\MVI_3793.MOV
SIGN_0090_70. Grandmother_MVI_8637,SIGN_0090,89,grandmother,D:\Colonel\final_year_project\03_MediaPipe_Landmarks\Normalized_Landmarks\70. Grandmother_MVI_8637.npz,103,D:\Colonel\final_year_project\02_INCLUDE_Dataset_Optimized\70. Grandmother\MVI_8637.MP4
SIGN_0091_48. Green_MVI_8613,SIGN_0091,90,green,D:\Colonel\final_year_project\03_MediaPipe_Landmarks\Normalized_Landmarks\48. Green_MVI_8613.npz,67,D:\Colonel\final_year_project\02_INCLUDE_Dataset_Optimized\48. Green\MVI_8613.MP4
SIGN_0091_48. Green_MVI_3722,SIGN_0091,90,green,D:\Colonel\final_year_project\03_MediaPipe_Landmarks\Normalized_Landmarks\48. Green_MVI_3722.npz,53,D:\Colonel\final_year_project\02_INCLUDE_Dataset_Optimized\48. Green\MVI_3722.MOV
SIGN_0091_48. Green_MVI_5040,SIGN_0091,90,green,D:\Colonel\final_year_project\03_MediaPipe_Landmarks\Normalized_Landmarks\48. Green_MVI_5040.npz,47,D:\Colonel\final_year_project\02_INCLUDE_Dataset_Optimized\48. Green\MVI_5040.MOV
SIGN_0092_56. Grey_MVI_8621,SIGN_0092,91,grey,D:\Colonel\final_year_project\03_MediaPipe_Landmarks\Normalized_Landmarks\56. Grey_MVI_8621.npz,74,D:\Colonel\final_year_project\02_INCLUDE_Dataset_Optimized\56. Grey\MVI_8621.MP4
SIGN_0092_56. Grey_MVI_4927,SIGN_0092,91,grey,D:\Colonel\final_year_project\03_MediaPipe_Landmarks\Normalized_Landmarks\56. Grey_MVI_4927.npz,65,D:\Colonel\final_year_project\02_INCLUDE_Dataset_Optimized\56. Grey\MVI_4927.MOV
SIGN_0092_56. Grey_MVI_4045,SIGN_0092,91,grey,D:\Colonel\final_year_project\03_MediaPipe_Landmarks\Normalized_Landmarks\56. Grey_MVI_4045.npz,53,D:\Colonel\final_year_project\02_INCLUDE_Dataset_Optimized\56. Grey\MVI_4045.MOV
SIGN_0093_34. Ground_MVI_3659,SIGN_0093,92,ground,D:\Colonel\final_year_project\03_MediaPipe_Landmarks\Normalized_Landmarks\34. Ground_MVI_3659.npz,56,D:\Colonel\final_year_project\02_INCLUDE_Dataset_Optimized\34. Ground\MVI_3659.MOV
SIGN_0093_34. Ground_MVI_3416,SIGN_0093,92,ground,D:\Colonel\final_year_project\03_MediaPipe_Landmarks\Normalized_Landmarks\34. Ground_MVI_3416.npz,64,D:\Colonel\final_year_project\02_INCLUDE_Dataset_Optimized\34. Ground\MVI_3416.MOV
SIGN_0093_34. Ground_MVI_3331,SIGN_0093,92,ground,D:\Colonel\final_year_project\03_MediaPipe_Landmarks\Normalized_Landmarks\34. Ground_MVI_3331.npz,73,D:\Colonel\final_year_project\02_INCLUDE_Dataset_Optimized\34. Ground\MVI_3331.MOV
SIGN_0094_16. Gun_MVI_4312,SIGN_0094,93,gun,D:\Colonel\final_year_project\03_MediaPipe_Landmarks\Normalized_Landmarks\16. Gun_MVI_4312.npz,50,F:\Final_Year_Project\02_INCLUDE_Dataset_Optimized\16. Gun\MVI_4312.MOV
SIGN_0094_16. Gun_MVI_8720,SIGN_0094,93,gun,D:\Colonel\final_year_project\03_MediaPipe_Landmarks\Normalized_Landmarks\16. Gun_MVI_8720.npz,59,F:\Final_Year_Project\02_INCLUDE_Dataset_Optimized\16. Gun\MVI_8720.MP4
SIGN_0094_16. Gun_MVI_8975,SIGN_0094,93,gun,D:\Colonel\final_year_project\03_MediaPipe_Landmarks\Normalized_Landmarks\16. Gun_MVI_8975.npz,65,F:\Final_Year_Project\02_INCLUDE_Dataset_Optimized\16. Gun\MVI_8975.MP4
SIGN_0095_3. happy_MVI_5183,SIGN_0095,94,happy,D:\Colonel\final_year_project\03_MediaPipe_Landmarks\Normalized_Landmarks\3. happy_MVI_5183.npz,71,D:\Colonel\final_year_project\02_INCLUDE_Dataset_Optimized\3. happy\MVI_5183.MOV
SIGN_0095_3. happy_MVI_9542,SIGN_0095,94,happy,D:\Colonel\final_year_project\03_MediaPipe_Landmarks\Normalized_Landmarks\3. happy_MVI_9542.npz,58,D:\Colonel\final_year_project\02_INCLUDE_Dataset_Optimized\3. happy\MVI_9542.MOV
SIGN_0095_3. happy_MVI_9375,SIGN_0095,94,happy,D:\Colonel\final_year_project\03_MediaPipe_Landmarks\Normalized_Landmarks\3. happy_MVI_9375.npz,41,D:\Colonel\final_year_project\02_INCLUDE_Dataset_Optimized\3. happy\MVI_9375.MOV
SIGN_0096_26. hard_MVI_9794,SIGN_0096,95,hard,D:\Colonel\final_year_project\03_MediaPipe_Landmarks\Normalized_Landmarks\26. hard_MVI_9794.npz,57,D:\Colonel\final_year_project\02_INCLUDE_Dataset_Optimized\26. hard\MVI_9794.MOV
SIGN_0096_26. hard_MVI_9666,SIGN_0096,95,hard,D:\Colonel\final_year_project\03_MediaPipe_Landmarks\Normalized_Landmarks\26. hard_MVI_9666.npz,64,D:\Colonel\final_year_project\02_INCLUDE_Dataset_Optimized\26. hard\MVI_9666.MOV
SIGN_0096_26. hard_MVI_9668,SIGN_0096,95,hard,D:\Colonel\final_year_project\03_MediaPipe_Landmarks\Normalized_Landmarks\26. hard_MVI_9668.npz,70,D:\Colonel\final_year_project\02_INCLUDE_Dataset_Optimized\26. hard\MVI_9668.MOV
SIGN_0097_37. Hat_MVI_5006,SIGN_0097,96,hat,D:\Colonel\final_year_project\03_MediaPipe_Landmarks\Normalized_Landmarks\37. Hat_MVI_5006.npz,60,D:\Colonel\final_year_project\02_INCLUDE_Dataset_Optimized\37. Hat\MVI_5006.MOV
SIGN_0097_37. Hat_MVI_8600,SIGN_0097,96,hat,D:\Colonel\final_year_project\03_MediaPipe_Landmarks\Normalized_Landmarks\37. Hat_MVI_8600.npz,51,D:\Colonel\final_year_project\02_INCLUDE_Dataset_Optimized\37. Hat\MVI_8600.MP4
SIGN_0097_37. Hat_MVI_3984,SIGN_0097,96,hat,D:\Colonel\final_year_project\03_MediaPipe_Landmarks\Normalized_Landmarks\37. Hat_MVI_3984.npz,57,D:\Colonel\final_year_project\02_INCLUDE_Dataset_Optimized\37. Hat\MVI_3984.MOV
SIGN_0098_42. he_MVI_0070,SIGN_0098,97,he,D:\Colonel\final_year_project\03_MediaPipe_Landmarks\Normalized_Landmarks\42. he_MVI_0070.npz,72,D:\Colonel\final_year_project\02_INCLUDE_Dataset_Optimized\42. he\MVI_0070.MOV
SIGN_0098_42. he_MVI_9965,SIGN_0098,97,he,D:\Colonel\final_year_project\03_MediaPipe_Landmarks\Normalized_Landmarks\42. he_MVI_9965.npz,56,D:\Colonel\final_year_project\02_INCLUDE_Dataset_Optimized\42. he\MVI_9965.MOV
SIGN_0098_42. he_MVI_9892,SIGN_0098,97,he,D:\Colonel\final_year_project\03_MediaPipe_Landmarks\Normalized_Landmarks\42. he_MVI_9892.npz,50,D:\Colonel\final_year_project\02_INCLUDE_Dataset_Optimized\42. he\MVI_9892.MOV
SIGN_0099_99. healthy_MVI_9532,SIGN_0099,98,healthy,D:\Colonel\final_year_project\03_MediaPipe_Landmarks\Normalized_Landmarks\99. healthy_MVI_9532.npz,62,D:\Colonel\final_year_project\02_INCLUDE_Dataset_Optimized\99. healthy\MVI_9532.MOV
SIGN_0099_99. healthy_MVI_5333,SIGN_0099,98,healthy,D:\Colonel\final_year_project\03_MediaPipe_Landmarks\Normalized_Landmarks\99. healthy_MVI_5333.npz,51,D:\Colonel\final_year_project\02_INCLUDE_Dataset_Optimized\99. healthy\MVI_5333.MOV
SIGN_0099_99. healthy_MVI_5173,SIGN_0099,98,healthy,D:\Colonel\final_year_project\03_MediaPipe_Landmarks\Normalized_Landmarks\99. healthy_MVI_5173.npz,67,D:\Colonel\final_year_project\02_INCLUDE_Dataset_Optimized\99. healthy\MVI_5173.MOV
SIGN_0100_35. heavy_MVI_9832,SIGN_0100,99,heavy,D:\Colonel\final_year_project\03_MediaPipe_Landmarks\Normalized_Landmarks\35. heavy_MVI_9832.npz,66,D:\Colonel\final_year_project\02_INCLUDE_Dataset_Optimized\35. heavy\MVI_9832.MOV
SIGN_0100_35. heavy_MVI_9709,SIGN_0100,99,heavy,D:\Colonel\final_year_project\03_MediaPipe_Landmarks\Normalized_Landmarks\35. heavy_MVI_9709.npz,63,D:\Colonel\final_year_project\02_INCLUDE_Dataset_Optimized\35. heavy\MVI_9709.MOV
SIGN_0100_35. heavy_MVI_9834,SIGN_0100,99,heavy,D:\Colonel\final_year_project\03_MediaPipe_Landmarks\Normalized_Landmarks\35. heavy_MVI_9834.npz,64,D:\Colonel\final_year_project\02_INCLUDE_Dataset_Optimized\35. heavy\MVI_9834.MOV
SIGN_0101_48. Hello_MVI_9984,SIGN_0101,100,hello,D:\Colonel\final_year_project\03_MediaPipe_Landmarks\Normalized_Landmarks\48. Hello_MVI_9984.npz,47,D:\Colonel\final_year_project\02_INCLUDE_Dataset_Optimized\48. Hello\MVI_9984.MOV
SIGN_0101_48. Hello_MVI_0089,SIGN_0101,100,hello,D:\Colonel\final_year_project\03_MediaPipe_Landmarks\Normalized_Landmarks\48. Hello_MVI_0089.npz,68,D:\Colonel\final_year_project\02_INCLUDE_Dataset_Optimized\48. Hello\MVI_0089.MOV
SIGN_0101_48. Hello_MVI_0029,SIGN_0101,100,hello,D:\Colonel\final_year_project\03_MediaPipe_Landmarks\Normalized_Landmarks\48. Hello_MVI_0029.npz,63,D:\Colonel\final_year_project\02_INCLUDE_Dataset_Optimized\48. Hello\MVI_0029.MOV
SIGN_0102_23. high_MVI_9656,SIGN_0102,101,high,D:\Colonel\final_year_project\03_MediaPipe_Landmarks\Normalized_Landmarks\23. high_MVI_9656.npz,64,D:\Colonel\final_year_project\02_INCLUDE_Dataset_Optimized\23. high\MVI_9656.MOV
SIGN_0102_23. high_MVI_9654,SIGN_0102,101,high,D:\Colonel\final_year_project\03_MediaPipe_Landmarks\Normalized_Landmarks\23. high_MVI_9654.npz,69,D:\Colonel\final_year_project\02_INCLUDE_Dataset_Optimized\23. high\MVI_9654.MOV
SIGN_0102_23. high_MVI_9783,SIGN_0102,101,high,D:\Colonel\final_year_project\03_MediaPipe_Landmarks\Normalized_Landmarks\23. high_MVI_9783.npz,61,D:\Colonel\final_year_project\02_INCLUDE_Dataset_Optimized\23. high\MVI_9783.MOV
SIGN_0103_7. Horse_MVI_3053,SIGN_0103,102,horse,D:\Colonel\final_year_project\03_MediaPipe_Landmarks\Normalized_Landmarks\7. Horse_MVI_3053.npz,71,D:\Colonel\final_year_project\02_INCLUDE_Dataset_Optimized\7. Horse\MVI_3053.MOV
SIGN_0103_7. Horse_MVI_2996,SIGN_0103,102,horse,D:\Colonel\final_year_project\03_MediaPipe_Landmarks\Normalized_Landmarks\7. Horse_MVI_2996.npz,80,D:\Colonel\final_year_project\02_INCLUDE_Dataset_Optimized\7. Horse\MVI_2996.MOV
SIGN_0103_7. Horse_MVI_8575,SIGN_0103,102,horse,D:\Colonel\final_year_project\03_MediaPipe_Landmarks\Normalized_Landmarks\7. Horse_MVI_8575.npz,65,D:\Colonel\final_year_project\02_INCLUDE_Dataset_Optimized\7. Horse\MVI_8575.MP4
SIGN_0104_30. Hospital_MVI_3561,SIGN_0104,103,hospital,D:\Colonel\final_year_project\03_MediaPipe_Landmarks\Normalized_Landmarks\30. Hospital_MVI_3561.npz,56,D:\Colonel\final_year_project\02_INCLUDE_Dataset_Optimized\30. Hospital\MVI_3561.MOV
SIGN_0104_30. Hospital_MVI_3315,SIGN_0104,103,hospital,D:\Colonel\final_year_project\03_MediaPipe_Landmarks\Normalized_Landmarks\30. Hospital_MVI_3315.npz,81,D:\Colonel\final_year_project\02_INCLUDE_Dataset_Optimized\30. Hospital\MVI_3315.MOV
SIGN_0104_30. Hospital_MVI_3641,SIGN_0104,103,hospital,D:\Colonel\final_year_project\03_MediaPipe_Landmarks\Normalized_Landmarks\30. Hospital_MVI_3641.npz,58,D:\Colonel\final_year_project\02_INCLUDE_Dataset_Optimized\30. Hospital\MVI_3641.MOV
SIGN_0105_87. hot_MVI_5296,SIGN_0105,104,hot,D:\Colonel\final_year_project\03_MediaPipe_Landmarks\Normalized_Landmarks\87. hot_MVI_5296.npz,56,D:\Colonel\final_year_project\02_INCLUDE_Dataset_Optimized\87. hot\MVI_5296.MOV
SIGN_0105_87. hot_MVI_9489,SIGN_0105,104,hot,D:\Colonel\final_year_project\03_MediaPipe_Landmarks\Normalized_Landmarks\87. hot_MVI_9489.npz,62,D:\Colonel\final_year_project\02_INCLUDE_Dataset_Optimized\87. hot\MVI_9489.MOV
SIGN_0105_87. hot_MVI_9329,SIGN_0105,104,hot,D:\Colonel\final_year_project\03_MediaPipe_Landmarks\Normalized_Landmarks\87. hot_MVI_9329.npz,53,D:\Colonel\final_year_project\02_INCLUDE_Dataset_Optimized\87. hot\MVI_9329.MOV
SIGN_0106_79. Hour_MVI_9181,SIGN_0106,105,hour,D:\Colonel\final_year_project\03_MediaPipe_Landmarks\Normalized_Landmarks\79. Hour_MVI_9181.npz,61,D:\Colonel\final_year_project\02_INCLUDE_Dataset_Optimized\79. Hour\MVI_9181.MP4
SIGN_0106_79. Hour_MVI_4639,SIGN_0106,105,hour,D:\Colonel\final_year_project\03_MediaPipe_Landmarks\Normalized_Landmarks\79. Hour_MVI_4639.npz,65,D:\Colonel\final_year_project\02_INCLUDE_Dataset_Optimized\79. Hour\MVI_4639.MOV
SIGN_0106_79. Hour_MVI_5050,SIGN_0106,105,hour,D:\Colonel\final_year_project\03_MediaPipe_Landmarks\Normalized_Landmarks\79. Hour_MVI_5050.npz,49,D:\Colonel\final_year_project\02_INCLUDE_Dataset_Optimized\79. Hour\MVI_5050.MOV
SIGN_0107_19. House_MVI_3596,SIGN_0107,106,house,D:\Colonel\final_year_project\03_MediaPipe_Landmarks\Normalized_Landmarks\19. House_MVI_3596.npz,54,F:\Final_Year_Project\02_INCLUDE_Dataset_Optimized\19. House\MVI_3596.MOV
SIGN_0107_19. House_MVI_3351,SIGN_0107,106,house,D:\Colonel\final_year_project\03_MediaPipe_Landmarks\Normalized_Landmarks\19. House_MVI_3351.npz,58,F:\Final_Year_Project\02_INCLUDE_Dataset_Optimized\19. House\MVI_3351.MOV
SIGN_0107_19. House_MVI_3267,SIGN_0107,106,house,D:\Colonel\final_year_project\03_MediaPipe_Landmarks\Normalized_Landmarks\19. House_MVI_3267.npz,78,F:\Final_Year_Project\02_INCLUDE_Dataset_Optimized\19. House\MVI_3267.MOV
SIGN_0108_49. How are you_MVI_9921,SIGN_0108,107,how are you,D:\Colonel\final_year_project\03_MediaPipe_Landmarks\Normalized_Landmarks\49. How are you_MVI_9921.npz,65,D:\Colonel\final_year_project\02_INCLUDE_Dataset_Optimized\49. How are you\MVI_9921.MOV
SIGN_0108_49. How are you_MVI_0033,SIGN_0108,107,how are you,D:\Colonel\final_year_project\03_MediaPipe_Landmarks\Normalized_Landmarks\49. How are you_MVI_0033.npz,81,D:\Colonel\final_year_project\02_INCLUDE_Dataset_Optimized\49. How are you\MVI_0033.MOV
SIGN_0108_49. How are you_MVI_0092,SIGN_0108,107,how are you,D:\Colonel\final_year_project\03_MediaPipe_Landmarks\Normalized_Landmarks\49. How are you_MVI_0092.npz,83,D:\Colonel\final_year_project\02_INCLUDE_Dataset_Optimized\49. How are you\MVI_0092.MOV
SIGN_0109_71. Husband_MVI_8638,SIGN_0109,108,husband,D:\Colonel\final_year_project\03_MediaPipe_Landmarks\Normalized_Landmarks\71. Husband_MVI_8638.npz,75,D:\Colonel\final_year_project\02_INCLUDE_Dataset_Optimized\71. Husband\MVI_8638.MP4
SIGN_0109_71. Husband_MVI_4090,SIGN_0109,108,husband,D:\Colonel\final_year_project\03_MediaPipe_Landmarks\Normalized_Landmarks\71. Husband_MVI_4090.npz,65,D:\Colonel\final_year_project\02_INCLUDE_Dataset_Optimized\71. Husband\MVI_4090.MOV
SIGN_0109_71. Husband_MVI_5112,SIGN_0109,108,husband,D:\Colonel\final_year_project\03_MediaPipe_Landmarks\Normalized_Landmarks\71. Husband_MVI_5112.npz,63,D:\Colonel\final_year_project\02_INCLUDE_Dataset_Optimized\71. Husband\MVI_5112.MOV
SIGN_0110_40. I_MVI_0065,SIGN_0110,109,i,D:\Colonel\final_year_project\03_MediaPipe_Landmarks\Normalized_Landmarks\40. I_MVI_0065.npz,71,D:\Colonel\final_year_project\02_INCLUDE_Dataset_Optimized\40. I\MVI_0065.MOV
SIGN_0110_40. I_MVI_9995,SIGN_0110,109,i,D:\Colonel\final_year_project\03_MediaPipe_Landmarks\Normalized_Landmarks\40. I_MVI_9995.npz,74,D:\Colonel\final_year_project\02_INCLUDE_Dataset_Optimized\40. I\MVI_9995.MOV
SIGN_0110_40. I_MVI_0001,SIGN_0110,109,i,D:\Colonel\final_year_project\03_MediaPipe_Landmarks\Normalized_Landmarks\40. I_MVI_0001.npz,66,D:\Colonel\final_year_project\02_INCLUDE_Dataset_Optimized\40. I\MVI_0001.MOV
SIGN_0111_33. India_MVI_3654,SIGN_0111,110,india,D:\Colonel\final_year_project\03_MediaPipe_Landmarks\Normalized_Landmarks\33. India_MVI_3654.npz,55,D:\Colonel\final_year_project\02_INCLUDE_Dataset_Optimized\33. India\MVI_3654.MOV
SIGN_0111_33. India_MVI_3412,SIGN_0111,110,india,D:\Colonel\final_year_project\03_MediaPipe_Landmarks\Normalized_Landmarks\33. India_MVI_3412.npz,53,D:\Colonel\final_year_project\02_INCLUDE_Dataset_Optimized\33. India\MVI_3412.MOV
SIGN_0111_33. India_MVI_3327,SIGN_0111,110,india,D:\Colonel\final_year_project\03_MediaPipe_Landmarks\Normalized_Landmarks\33. India_MVI_3327.npz,70,D:\Colonel\final_year_project\02_INCLUDE_Dataset_Optimized\33. India\MVI_3327.MOV
SIGN_0112_44. it_MVI_0013,SIGN_0112,111,it,D:\Colonel\final_year_project\03_MediaPipe_Landmarks\Normalized_Landmarks\44. it_MVI_0013.npz,66,D:\Colonel\final_year_project\02_INCLUDE_Dataset_Optimized\44. it\MVI_0013.MOV
SIGN_0112_44. it_MVI_9971,SIGN_0112,111,it,D:\Colonel\final_year_project\03_MediaPipe_Landmarks\Normalized_Landmarks\44. it_MVI_9971.npz,47,D:\Colonel\final_year_project\02_INCLUDE_Dataset_Optimized\44. it\MVI_9971.MOV
SIGN_0112_44. it_MVI_9900,SIGN_0112,111,it,D:\Colonel\final_year_project\03_MediaPipe_Landmarks\Normalized_Landmarks\44. it_MVI_9900.npz,50,D:\Colonel\final_year_project\02_INCLUDE_Dataset_Optimized\44. it\MVI_9900.MOV
SIGN_0113_99. Job_MVI_4794,SIGN_0113,112,job,D:\Colonel\final_year_project\03_MediaPipe_Landmarks\Normalized_Landmarks\99. Job_MVI_4794.npz,66,D:\Colonel\final_year_project\02_INCLUDE_Dataset_Optimized\99. Job\MVI_4794.MOV
SIGN_0113_99. Job_MVI_4520,SIGN_0113,112,job,D:\Colonel\final_year_project\03_MediaPipe_Landmarks\Normalized_Landmarks\99. Job_MVI_4520.npz,56,D:\Colonel\final_year_project\02_INCLUDE_Dataset_Optimized\99. Job\MVI_4520.MOV
SIGN_0113_99. Job_MVI_5377,SIGN_0113,112,job,D:\Colonel\final_year_project\03_MediaPipe_Landmarks\Normalized_Landmarks\99. Job_MVI_5377.npz,61,D:\Colonel\final_year_project\02_INCLUDE_Dataset_Optimized\99. Job\MVI_5377.MOV
SIGN_0114_39. Key_MVI_4923,SIGN_0114,113,key,D:\Colonel\final_year_project\03_MediaPipe_Landmarks\Normalized_Landmarks\39. Key_MVI_4923.npz,42,D:\Colonel\final_year_project\02_INCLUDE_Dataset_Optimized\39. Key\MVI_4923.MOV
SIGN_0114_39. Key_MVI_8815,SIGN_0114,113,key,D:\Colonel\final_year_project\03_MediaPipe_Landmarks\Normalized_Landmarks\39. Key_MVI_8815.npz,60,D:\Colonel\final_year_project\02_INCLUDE_Dataset_Optimized\39. Key\MVI_8815.MP4
SIGN_0114_39. Key_MVI_9050,SIGN_0114,113,key,D:\Colonel\final_year_project\03_MediaPipe_Landmarks\Normalized_Landmarks\39. Key_MVI_9050.npz,69,D:\Colonel\final_year_project\02_INCLUDE_Dataset_Optimized\39. Key\MVI_9050.MP4
SIGN_0115_73. King_MVI_5120,SIGN_0115,114,king,D:\Colonel\final_year_project\03_MediaPipe_Landmarks\Normalized_Landmarks\73. King_MVI_5120.npz,62,D:\Colonel\final_year_project\02_INCLUDE_Dataset_Optimized\73. King\MVI_5120.MOV
SIGN_0115_73. King_MVI_8640,SIGN_0115,114,king,D:\Colonel\final_year_project\03_MediaPipe_Landmarks\Normalized_Landmarks\73. King_MVI_8640.npz,66,D:\Colonel\final_year_project\02_INCLUDE_Dataset_Optimized\73. King\MVI_8640.MP4
SIGN_0115_73. King_MVI_4096,SIGN_0115,114,king,D:\Colonel\final_year_project\03_MediaPipe_Landmarks\Normalized_Landmarks\73. King_MVI_4096.npz,69,D:\Colonel\final_year_project\02_INCLUDE_Dataset_Optimized\73. King\MVI_4096.MOV
SIGN_0116_31. Kitchen_MVI_4897,SIGN_0116,115,kitchen,D:\Colonel\final_year_project\03_MediaPipe_Landmarks\Normalized_Landmarks\31. Kitchen_MVI_4897.npz,61,D:\Colonel\final_year_project\02_INCLUDE_Dataset_Optimized\31. Kitchen\MVI_4897.MOV
SIGN_0116_31. Kitchen_MVI_8780,SIGN_0116,115,kitchen,D:\Colonel\final_year_project\03_MediaPipe_Landmarks\Normalized_Landmarks\31. Kitchen_MVI_8780.npz,75,D:\Colonel\final_year_project\02_INCLUDE_Dataset_Optimized\31. Kitchen\MVI_8780.MP4
SIGN_0116_31. Kitchen_MVI_4374,SIGN_0116,115,kitchen,D:\Colonel\final_year_project\03_MediaPipe_Landmarks\Normalized_Landmarks\31. Kitchen_MVI_4374.npz,62,D:\Colonel\final_year_project\02_INCLUDE_Dataset_Optimized\31. Kitchen\MVI_4374.MOV
SIGN_0117_52. Lamp_MVI_9096,SIGN_0117,116,lamp,D:\Colonel\final_year_project\03_MediaPipe_Landmarks\Normalized_Landmarks\52. Lamp_MVI_9096.npz,73,D:\Colonel\final_year_project\02_INCLUDE_Dataset_Optimized\52. Lamp\MVI_9096.MP4
SIGN_0117_52. Lamp_MVI_4528,SIGN_0117,116,lamp,D:\Colonel\final_year_project\03_MediaPipe_Landmarks\Normalized_Landmarks\52. Lamp_MVI_4528.npz,78,D:\Colonel\final_year_project\02_INCLUDE_Dataset_Optimized\52. Lamp\MVI_4528.MOV
SIGN_0117_52. Lamp_MVI_4961,SIGN_0117,116,lamp,D:\Colonel\final_year_project\03_MediaPipe_Landmarks\Normalized_Landmarks\52. Lamp_MVI_4961.npz,59,D:\Colonel\final_year_project\02_INCLUDE_Dataset_Optimized\52. Lamp\MVI_4961.MOV
SIGN_0118_56. Laptop_MVI_4973,SIGN_0118,117,laptop,D:\Colonel\final_year_project\03_MediaPipe_Landmarks\Normalized_Landmarks\56. Laptop_MVI_4973.npz,62,D:\Colonel\final_year_project\02_INCLUDE_Dataset_Optimized\56. Laptop\MVI_4973.MOV
SIGN_0118_56. Laptop_MVI_9108,SIGN_0118,117,laptop,D:\Colonel\final_year_project\03_MediaPipe_Landmarks\Normalized_Landmarks\56. Laptop_MVI_9108.npz,84,D:\Colonel\final_year_project\02_INCLUDE_Dataset_Optimized\56. Laptop\MVI_9108.MP4
SIGN_0118_56. Laptop_MVI_4545,SIGN_0118,117,laptop,D:\Colonel\final_year_project\03_MediaPipe_Landmarks\Normalized_Landmarks\56. Laptop_MVI_4545.npz,64,D:\Colonel\final_year_project\02_INCLUDE_Dataset_Optimized\56. Laptop\MVI_4545.MOV
SIGN_0119_86. Lawyer_MVI_8873,SIGN_0119,118,lawyer,D:\Colonel\final_year_project\03_MediaPipe_Landmarks\Normalized_Landmarks\86. Lawyer_MVI_8873.npz,60,D:\Colonel\final_year_project\02_INCLUDE_Dataset_Optimized\86. Lawyer\MVI_8873.MP4
SIGN_0119_86. Lawyer_MVI_5320,SIGN_0119,118,lawyer,D:\Colonel\final_year_project\03_MediaPipe_Landmarks\Normalized_Landmarks\86. Lawyer_MVI_5320.npz,47,D:\Colonel\final_year_project\02_INCLUDE_Dataset_Optimized\86. Lawyer\MVI_5320.MOV
SIGN_0119_86. Lawyer_MVI_4750,SIGN_0119,118,lawyer,D:\Colonel\final_year_project\03_MediaPipe_Landmarks\Normalized_Landmarks\86. Lawyer_MVI_4750.npz,56,D:\Colonel\final_year_project\02_INCLUDE_Dataset_Optimized\86. Lawyer\MVI_4750.MOV
SIGN_0120_41. Letter_MVI_9056,SIGN_0120,119,letter,D:\Colonel\final_year_project\03_MediaPipe_Landmarks\Normalized_Landmarks\41. Letter_MVI_9056.npz,76,D:\Colonel\final_year_project\02_INCLUDE_Dataset_Optimized\41. Letter\MVI_9056.MP4
SIGN_0120_41. Letter_MVI_8824,SIGN_0120,119,letter,D:\Colonel\final_year_project\03_MediaPipe_Landmarks\Normalized_Landmarks\41. Letter_MVI_8824.npz,72,D:\Colonel\final_year_project\02_INCLUDE_Dataset_Optimized\41. Letter\MVI_8824.MP4
SIGN_0120_41. Letter_MVI_4416,SIGN_0120,119,letter,D:\Colonel\final_year_project\03_MediaPipe_Landmarks\Normalized_Landmarks\41. Letter_MVI_4416.npz,64,D:\Colonel\final_year_project\02_INCLUDE_Dataset_Optimized\41. Letter\MVI_4416.MOV
SIGN_0121_29. Library_MVI_3557,SIGN_0121,120,library,D:\Colonel\final_year_project\03_MediaPipe_Landmarks\Normalized_Landmarks\29. Library_MVI_3557.npz,60,D:\Colonel\final_year_project\02_INCLUDE_Dataset_Optimized\29. Library\MVI_3557.MOV
SIGN_0121_29. Library_MVI_3311,SIGN_0121,120,library,D:\Colonel\final_year_project\03_MediaPipe_Landmarks\Normalized_Landmarks\29. Library_MVI_3311.npz,75,D:\Colonel\final_year_project\02_INCLUDE_Dataset_Optimized\29. Library\MVI_3311.MOV
SIGN_0121_29. Library_MVI_3668,SIGN_0121,120,library,D:\Colonel\final_year_project\03_MediaPipe_Landmarks\Normalized_Landmarks\29. Library_MVI_3668.npz,100,D:\Colonel\final_year_project\02_INCLUDE_Dataset_Optimized\29. Library\MVI_3668.MOV
SIGN_0122_36. light_MVI_9711,SIGN_0122,121,light,D:\Colonel\final_year_project\03_MediaPipe_Landmarks\Normalized_Landmarks\36. light_MVI_9711.npz,55,D:\Colonel\final_year_project\02_INCLUDE_Dataset_Optimized\36. light\MVI_9711.MOV
SIGN_0122_36. light_MVI_9838,SIGN_0122,121,light,D:\Colonel\final_year_project\03_MediaPipe_Landmarks\Normalized_Landmarks\36. light_MVI_9838.npz,60,D:\Colonel\final_year_project\02_INCLUDE_Dataset_Optimized\36. light\MVI_9838.MOV
SIGN_0122_36. light_MVI_9836,SIGN_0122,121,light,D:\Colonel\final_year_project\03_MediaPipe_Landmarks\Normalized_Landmarks\36. light_MVI_9836.npz,63,D:\Colonel\final_year_project\02_INCLUDE_Dataset_Optimized\36. light\MVI_9836.MOV
SIGN_0123_36. Location_MVI_3427,SIGN_0123,122,location,D:\Colonel\final_year_project\03_MediaPipe_Landmarks\Normalized_Landmarks\36. Location_MVI_3427.npz,61,D:\Colonel\final_year_project\02_INCLUDE_Dataset_Optimized\36. Location\MVI_3427.MOV
SIGN_0123_36. Location_MVI_3341,SIGN_0123,122,location,D:\Colonel\final_year_project\03_MediaPipe_Landmarks\Normalized_Landmarks\36. Location_MVI_3341.npz,70,D:\Colonel\final_year_project\02_INCLUDE_Dataset_Optimized\36. Location\MVI_3341.MOV
SIGN_0123_36. Location_MVI_3586,SIGN_0123,122,location,D:\Colonel\final_year_project\03_MediaPipe_Landmarks\Normalized_Landmarks\36. Location_MVI_3586.npz,41,D:\Colonel\final_year_project\02_INCLUDE_Dataset_Optimized\36. Location\MVI_3586.MOV
SIGN_0124_43. Lock_MVI_4935,SIGN_0124,123,lock,D:\Colonel\final_year_project\03_MediaPipe_Landmarks\Normalized_Landmarks\43. Lock_MVI_4935.npz,51,D:\Colonel\final_year_project\02_INCLUDE_Dataset_Optimized\43. Lock\MVI_4935.MOV
SIGN_0124_43. Lock_MVI_9062,SIGN_0124,123,lock,D:\Colonel\final_year_project\03_MediaPipe_Landmarks\Normalized_Landmarks\43. Lock_MVI_9062.npz,65,D:\Colonel\final_year_project\02_INCLUDE_Dataset_Optimized\43. Lock\MVI_9062.MP4
SIGN_0124_43. Lock_MVI_4424,SIGN_0124,123,lock,D:\Colonel\final_year_project\03_MediaPipe_Landmarks\Normalized_Landmarks\43. Lock_MVI_4424.npz,48,D:\Colonel\final_year_project\02_INCLUDE_Dataset_Optimized\43. Lock\MVI_4424.MOV
SIGN_0125_78. long_MVI_9299,SIGN_0125,124,long,D:\Colonel\final_year_project\03_MediaPipe_Landmarks\Normalized_Landmarks\78. long_MVI_9299.npz,50,D:\Colonel\final_year_project\02_INCLUDE_Dataset_Optimized\78. long\MVI_9299.MOV
SIGN_0125_78. long_MVI_5267,SIGN_0125,124,long,D:\Colonel\final_year_project\03_MediaPipe_Landmarks\Normalized_Landmarks\78. long_MVI_5267.npz,62,D:\Colonel\final_year_project\02_INCLUDE_Dataset_Optimized\78. long\MVI_5267.MOV
SIGN_0125_78. long_MVI_5106,SIGN_0125,124,long,D:\Colonel\final_year_project\03_MediaPipe_Landmarks\Normalized_Landmarks\78. long_MVI_5106.npz,68,D:\Colonel\final_year_project\02_INCLUDE_Dataset_Optimized\78. long\MVI_5106.MOV
SIGN_0126_22. loose_MVI_9776,SIGN_0126,125,loose,D:\Colonel\final_year_project\03_MediaPipe_Landmarks\Normalized_Landmarks\22. loose_MVI_9776.npz,73,D:\Colonel\final_year_project\02_INCLUDE_Dataset_Optimized\22. loose\MVI_9776.MOV
SIGN_0126_22. loose_MVI_9778,SIGN_0126,125,loose,D:\Colonel\final_year_project\03_MediaPipe_Landmarks\Normalized_Landmarks\22. loose_MVI_9778.npz,69,D:\Colonel\final_year_project\02_INCLUDE_Dataset_Optimized\22. loose\MVI_9778.MOV
SIGN_0126_22. loose_MVI_9650,SIGN_0126,125,loose,D:\Colonel\final_year_project\03_MediaPipe_Landmarks\Normalized_Landmarks\22. loose_MVI_9650.npz,66,D:\Colonel\final_year_project\02_INCLUDE_Dataset_Optimized\22. loose\MVI_9650.MOV
SIGN_0127_1. loud_MVI_9536,SIGN_0127,126,loud,D:\Colonel\final_year_project\03_MediaPipe_Landmarks\Normalized_Landmarks\1. loud_MVI_9536.npz,57,F:\Final_Year_Project\02_INCLUDE_Dataset_Optimized\1. loud\MVI_9536.MOV
SIGN_0127_1. loud_MVI_5177,SIGN_0127,126,loud,D:\Colonel\final_year_project\03_MediaPipe_Landmarks\Normalized_Landmarks\1. loud_MVI_5177.npz,56,F:\Final_Year_Project\02_INCLUDE_Dataset_Optimized\1. loud\MVI_5177.MOV
SIGN_0127_1. loud_MVI_5336,SIGN_0127,126,loud,D:\Colonel\final_year_project\03_MediaPipe_Landmarks\Normalized_Landmarks\1. loud_MVI_5336.npz,42,F:\Final_Year_Project\02_INCLUDE_Dataset_Optimized\1. loud\MVI_5336.MOV
SIGN_0128_24. low_MVI_9787,SIGN_0128,127,low,D:\Colonel\final_year_project\03_MediaPipe_Landmarks\Normalized_Landmarks\24. low_MVI_9787.npz,60,D:\Colonel\final_year_project\02_INCLUDE_Dataset_Optimized\24. low\MVI_9787.MOV
SIGN_0128_24. low_MVI_9785,SIGN_0128,127,low,D:\Colonel\final_year_project\03_MediaPipe_Landmarks\Normalized_Landmarks\24. low_MVI_9785.npz,53,D:\Colonel\final_year_project\02_INCLUDE_Dataset_Optimized\24. low\MVI_9785.MOV
SIGN_0128_24. low_MVI_9658,SIGN_0128,127,low,D:\Colonel\final_year_project\03_MediaPipe_Landmarks\Normalized_Landmarks\24. low_MVI_9658.npz,64,D:\Colonel\final_year_project\02_INCLUDE_Dataset_Optimized\24. low\MVI_9658.MOV
SIGN_0129_19. male_MVI_9637,SIGN_0129,128,male,D:\Colonel\final_year_project\03_MediaPipe_Landmarks\Normalized_Landmarks\19. male_MVI_9637.npz,59,F:\Final_Year_Project\02_INCLUDE_Dataset_Optimized\19. male\MVI_9637.MOV
SIGN_0129_19. male_MVI_9764,SIGN_0129,128,male,D:\Colonel\final_year_project\03_MediaPipe_Landmarks\Normalized_Landmarks\19. male_MVI_9764.npz,61,F:\Final_Year_Project\02_INCLUDE_Dataset_Optimized\19. male\MVI_9764.MOV
SIGN_0129_19. male_MVI_9639,SIGN_0129,128,male,D:\Colonel\final_year_project\03_MediaPipe_Landmarks\Normalized_Landmarks\19. male_MVI_9639.npz,60,F:\Final_Year_Project\02_INCLUDE_Dataset_Optimized\19. male\MVI_9639.MOV
SIGN_0130_64. Man_MVI_8629,SIGN_0130,129,man,D:\Colonel\final_year_project\03_MediaPipe_Landmarks\Normalized_Landmarks\64. Man_MVI_8629.npz,56,D:\Colonel\final_year_project\02_INCLUDE_Dataset_Optimized\64. Man\MVI_8629.MP4
SIGN_0130_64. Man_MVI_5089,SIGN_0130,129,man,D:\Colonel\final_year_project\03_MediaPipe_Landmarks\Normalized_Landmarks\64. Man_MVI_5089.npz,56,D:\Colonel\final_year_project\02_INCLUDE_Dataset_Optimized\64. Man\MVI_5089.MOV
SIGN_0130_64. Man_MVI_4069,SIGN_0130,129,man,D:\Colonel\final_year_project\03_MediaPipe_Landmarks\Normalized_Landmarks\64. Man_MVI_4069.npz,63,D:\Colonel\final_year_project\02_INCLUDE_Dataset_Optimized\64. Man\MVI_4069.MOV
SIGN_0131_96. Manager_MVI_4508,SIGN_0131,130,manager,D:\Colonel\final_year_project\03_MediaPipe_Landmarks\Normalized_Landmarks\96. Manager_MVI_4508.npz,100,D:\Colonel\final_year_project\02_INCLUDE_Dataset_Optimized\96. Manager\MVI_4508.MOV
SIGN_0131_96. Manager_MVI_4785,SIGN_0131,130,manager,D:\Colonel\final_year_project\03_MediaPipe_Landmarks\Normalized_Landmarks\96. Manager_MVI_4785.npz,80,D:\Colonel\final_year_project\02_INCLUDE_Dataset_Optimized\96. Manager\MVI_4785.MOV
SIGN_0131_96. Manager_MVI_5364,SIGN_0131,130,manager,D:\Colonel\final_year_project\03_MediaPipe_Landmarks\Normalized_Landmarks\96. Manager_MVI_5364.npz,87,D:\Colonel\final_year_project\02_INCLUDE_Dataset_Optimized\96. Manager\MVI_5364.MOV
SIGN_0132_32. Market_MVI_3570,SIGN_0132,131,market,D:\Colonel\final_year_project\03_MediaPipe_Landmarks\Normalized_Landmarks\32. Market_MVI_3570.npz,50,D:\Colonel\final_year_project\02_INCLUDE_Dataset_Optimized\32. Market\MVI_3570.MOV
SIGN_0132_32. Market_MVI_3407,SIGN_0132,131,market,D:\Colonel\final_year_project\03_MediaPipe_Landmarks\Normalized_Landmarks\32. Market_MVI_3407.npz,61,D:\Colonel\final_year_project\02_INCLUDE_Dataset_Optimized\32. Market\MVI_3407.MOV
SIGN_0132_32. Market_MVI_3650,SIGN_0132,131,market,D:\Colonel\final_year_project\03_MediaPipe_Landmarks\Normalized_Landmarks\32. Market_MVI_3650.npz,49,D:\Colonel\final_year_project\02_INCLUDE_Dataset_Optimized\32. Market\MVI_3650.MOV
SIGN_0133_6. Marriage_MVI_4271,SIGN_0133,132,marriage,D:\Colonel\final_year_project\03_MediaPipe_Landmarks\Normalized_Landmarks\6. Marriage_MVI_4271.npz,55,D:\Colonel\final_year_project\02_INCLUDE_Dataset_Optimized\6. Marriage\MVI_4271.MOV
SIGN_0133_6. Marriage_MVI_8944,SIGN_0133,132,marriage,D:\Colonel\final_year_project\03_MediaPipe_Landmarks\Normalized_Landmarks\6. Marriage_MVI_8944.npz,60,D:\Colonel\final_year_project\02_INCLUDE_Dataset_Optimized\6. Marriage\MVI_8944.MP4
SIGN_0133_6. Marriage_MVI_8679,SIGN_0133,132,marriage,D:\Colonel\final_year_project\03_MediaPipe_Landmarks\Normalized_Landmarks\6. Marriage_MVI_8679.npz,59,D:\Colonel\final_year_project\02_INCLUDE_Dataset_Optimized\6. Marriage\MVI_8679.MP4
SIGN_0134_10. Mean_MVI_9730,SIGN_0134,133,mean,D:\Colonel\final_year_project\03_MediaPipe_Landmarks\Normalized_Landmarks\10. Mean_MVI_9730.npz,63,F:\Final_Year_Project\02_INCLUDE_Dataset_Optimized\10. Mean\MVI_9730.MOV
SIGN_0134_10. Mean_MVI_9594,SIGN_0134,133,mean,D:\Colonel\final_year_project\03_MediaPipe_Landmarks\Normalized_Landmarks\10. Mean_MVI_9594.npz,49,F:\Final_Year_Project\02_INCLUDE_Dataset_Optimized\10. Mean\MVI_9594.MOV
SIGN_0134_10. Mean_MVI_9732,SIGN_0134,133,mean,D:\Colonel\final_year_project\03_MediaPipe_Landmarks\Normalized_Landmarks\10. Mean_MVI_9732.npz,58,F:\Final_Year_Project\02_INCLUDE_Dataset_Optimized\10. Mean\MVI_9732.MOV
SIGN_0135_3. Medicine_MVI_4259,SIGN_0135,134,medicine,D:\Colonel\final_year_project\03_MediaPipe_Landmarks\Normalized_Landmarks\3. Medicine_MVI_4259.npz,68,D:\Colonel\final_year_project\02_INCLUDE_Dataset_Optimized\3. Medicine\MVI_4259.MOV
SIGN_0135_3. Medicine_MVI_4803,SIGN_0135,134,medicine,D:\Colonel\final_year_project\03_MediaPipe_Landmarks\Normalized_Landmarks\3. Medicine_MVI_4803.npz,66,D:\Colonel\final_year_project\02_INCLUDE_Dataset_Optimized\3. Medicine\MVI_4803.MOV
SIGN_0135_3. Medicine_MVI_8935,SIGN_0135,134,medicine,D:\Colonel\final_year_project\03_MediaPipe_Landmarks\Normalized_Landmarks\3. Medicine_MVI_8935.npz,63,D:\Colonel\final_year_project\02_INCLUDE_Dataset_Optimized\3. Medicine\MVI_8935.MP4
SIGN_0136_80. Minute_MVI_5053,SIGN_0136,135,minute,D:\Colonel\final_year_project\03_MediaPipe_Landmarks\Normalized_Landmarks\80. Minute_MVI_5053.npz,49,D:\Colonel\final_year_project\02_INCLUDE_Dataset_Optimized\80. Minute\MVI_5053.MOV
SIGN_0136_80. Minute_MVI_4643,SIGN_0136,135,minute,D:\Colonel\final_year_project\03_MediaPipe_Landmarks\Normalized_Landmarks\80. Minute_MVI_4643.npz,56,D:\Colonel\final_year_project\02_INCLUDE_Dataset_Optimized\80. Minute\MVI_4643.MOV
SIGN_0136_80. Minute_MVI_5501,SIGN_0136,135,minute,D:\Colonel\final_year_project\03_MediaPipe_Landmarks\Normalized_Landmarks\80. Minute_MVI_5501.npz,36,D:\Colonel\final_year_project\02_INCLUDE_Dataset_Optimized\80. Minute\MVI_5501.MOV
SIGN_0137_67. Monday_MVI_5009,SIGN_0137,136,monday,D:\Colonel\final_year_project\03_MediaPipe_Landmarks\Normalized_Landmarks\67. Monday_MVI_5009.npz,47,D:\Colonel\final_year_project\02_INCLUDE_Dataset_Optimized\67. Monday\MVI_5009.MOV
SIGN_0137_67. Monday_MVI_4591,SIGN_0137,136,monday,D:\Colonel\final_year_project\03_MediaPipe_Landmarks\Normalized_Landmarks\67. Monday_MVI_4591.npz,57,D:\Colonel\final_year_project\02_INCLUDE_Dataset_Optimized\67. Monday\MVI_4591.MOV
SIGN_0137_67. Monday_MVI_5448,SIGN_0137,136,monday,D:\Colonel\final_year_project\03_MediaPipe_Landmarks\Normalized_Landmarks\67. Monday_MVI_5448.npz,54,D:\Colonel\final_year_project\02_INCLUDE_Dataset_Optimized\67. Monday\MVI_5448.MOV
SIGN_0138_4. Money_MVI_8938,SIGN_0138,137,money,D:\Colonel\final_year_project\03_MediaPipe_Landmarks\Normalized_Landmarks\4. Money_MVI_8938.npz,55,D:\Colonel\final_year_project\02_INCLUDE_Dataset_Optimized\4. Money\MVI_8938.MP4
SIGN_0138_4. Money_MVI_4806,SIGN_0138,137,money,D:\Colonel\final_year_project\03_MediaPipe_Landmarks\Normalized_Landmarks\4. Money_MVI_4806.npz,65,D:\Colonel\final_year_project\02_INCLUDE_Dataset_Optimized\4. Money\MVI_4806.MOV
SIGN_0138_4. Money_MVI_4263,SIGN_0138,137,money,D:\Colonel\final_year_project\03_MediaPipe_Landmarks\Normalized_Landmarks\4. Money_MVI_4263.npz,47,D:\Colonel\final_year_project\02_INCLUDE_Dataset_Optimized\4. Money\MVI_4263.MOV
SIGN_0139_Ex. Monsoon_MVI_5080,SIGN_0139,138,monsoon,D:\Colonel\final_year_project\03_MediaPipe_Landmarks\Normalized_Landmarks\Ex. Monsoon_MVI_5080.npz,47,D:\Colonel\final_year_project\02_INCLUDE_Dataset_Optimized\Ex. Monsoon\MVI_5080.MOV
SIGN_0139_Ex. Monsoon_MVI_9207,SIGN_0139,138,monsoon,D:\Colonel\final_year_project\03_MediaPipe_Landmarks\Normalized_Landmarks\Ex. Monsoon_MVI_9207.npz,70,D:\Colonel\final_year_project\02_INCLUDE_Dataset_Optimized\Ex. Monsoon\MVI_9207.MP4
SIGN_0139_Ex. Monsoon_MVI_5530,SIGN_0139,138,monsoon,D:\Colonel\final_year_project\03_MediaPipe_Landmarks\Normalized_Landmarks\Ex. Monsoon_MVI_5530.npz,46,D:\Colonel\final_year_project\02_INCLUDE_Dataset_Optimized\Ex. Monsoon\MVI_5530.MOV
SIGN_0140_77. Month_MVI_9174,SIGN_0140,139,month,D:\Colonel\final_year_project\03_MediaPipe_Landmarks\Normalized_Landmarks\77. Month_MVI_9174.npz,64,D:\Colonel\final_year_project\02_INCLUDE_Dataset_Optimized\77. Month\MVI_9174.MP4
SIGN_0140_77. Month_MVI_4631,SIGN_0140,139,month,D:\Colonel\final_year_project\03_MediaPipe_Landmarks\Normalized_Landmarks\77. Month_MVI_4631.npz,56,D:\Colonel\final_year_project\02_INCLUDE_Dataset_Optimized\77. Month\MVI_4631.MOV
SIGN_0140_77. Month_MVI_5044,SIGN_0140,139,month,D:\Colonel\final_year_project\03_MediaPipe_Landmarks\Normalized_Landmarks\77. Month_MVI_5044.npz,50,D:\Colonel\final_year_project\02_INCLUDE_Dataset_Optimized\77. Month\MVI_5044.MOV
SIGN_0141_82. Morning_MVI_4651,SIGN_0141,140,morning,D:\Colonel\final_year_project\03_MediaPipe_Landmarks\Normalized_Landmarks\82. Morning_MVI_4651.npz,53,D:\Colonel\final_year_project\02_INCLUDE_Dataset_Optimized\82. Morning\MVI_4651.MOV
SIGN_0141_82. Morning_MVI_5060,SIGN_0141,140,morning,D:\Colonel\final_year_project\03_MediaPipe_Landmarks\Normalized_Landmarks\82. Morning_MVI_5060.npz,43,D:\Colonel\final_year_project\02_INCLUDE_Dataset_Optimized\82. Morning\MVI_5060.MOV
SIGN_0141_82. Morning_MVI_9190,SIGN_0141,140,morning,D:\Colonel\final_year_project\03_MediaPipe_Landmarks\Normalized_Landmarks\82. Morning_MVI_9190.npz,70,D:\Colonel\final_year_project\02_INCLUDE_Dataset_Optimized\82. Morning\MVI_9190.MP4
SIGN_0142_60. Mother_MVI_8625,SIGN_0142,141,mother,D:\Colonel\final_year_project\03_MediaPipe_Landmarks\Normalized_Landmarks\60. Mother_MVI_8625.npz,61,D:\Colonel\final_year_project\02_INCLUDE_Dataset_Optimized\60. Mother\MVI_8625.MP4
SIGN_0142_60. Mother_MVI_4057,SIGN_0142,141,mother,D:\Colonel\final_year_project\03_MediaPipe_Landmarks\Normalized_Landmarks\60. Mother_MVI_4057.npz,59,D:\Colonel\final_year_project\02_INCLUDE_Dataset_Optimized\60. Mother\MVI_4057.MOV
SIGN_0142_60. Mother_MVI_5077,SIGN_0142,141,mother,D:\Colonel\final_year_project\03_MediaPipe_Landmarks\Normalized_Landmarks\60. Mother_MVI_5077.npz,51,D:\Colonel\final_year_project\02_INCLUDE_Dataset_Optimized\60. Mother\MVI_5077.MOV
SIGN_0143_6. Mouse_MVI_2993,SIGN_0143,142,mouse,D:\Colonel\final_year_project\03_MediaPipe_Landmarks\Normalized_Landmarks\6. Mouse_MVI_2993.npz,77,D:\Colonel\final_year_project\02_INCLUDE_Dataset_Optimized\6. Mouse\MVI_2993.MOV
SIGN_0143_6. Mouse_MVI_3050,SIGN_0143,142,mouse,D:\Colonel\final_year_project\03_MediaPipe_Landmarks\Normalized_Landmarks\6. Mouse_MVI_3050.npz,84,D:\Colonel\final_year_project\02_INCLUDE_Dataset_Optimized\6. Mouse\MVI_3050.MOV
SIGN_0143_6. Mouse_MVI_8572,SIGN_0143,142,mouse,D:\Colonel\final_year_project\03_MediaPipe_Landmarks\Normalized_Landmarks\6. Mouse_MVI_8572.npz,77,D:\Colonel\final_year_project\02_INCLUDE_Dataset_Optimized\6. Mouse\MVI_8572.MP4
SIGN_0144_82. narrow_MVI_5120,SIGN_0144,143,narrow,D:\Colonel\final_year_project\03_MediaPipe_Landmarks\Normalized_Landmarks\82. narrow_MVI_5120.npz,77,D:\Colonel\final_year_project\02_INCLUDE_Dataset_Optimized\82. narrow\MVI_5120.MOV
SIGN_0144_82. narrow_MVI_9474,SIGN_0144,143,narrow,D:\Colonel\final_year_project\03_MediaPipe_Landmarks\Normalized_Landmarks\82. narrow_MVI_9474.npz,54,D:\Colonel\final_year_project\02_INCLUDE_Dataset_Optimized\82. narrow\MVI_9474.MOV
SIGN_0144_82. narrow_MVI_5281,SIGN_0144,143,narrow,D:\Colonel\final_year_project\03_MediaPipe_Landmarks\Normalized_Landmarks\82. narrow_MVI_5281.npz,66,D:\Colonel\final_year_project\02_INCLUDE_Dataset_Optimized\82. narrow\MVI_5281.MOV
SIGN_0145_76. Neighbour_MVI_5129,SIGN_0145,144,neighbour,D:\Colonel\final_year_project\03_MediaPipe_Landmarks\Normalized_Landmarks\76. Neighbour_MVI_5129.npz,69,D:\Colonel\final_year_project\02_INCLUDE_Dataset_Optimized\76. Neighbour\MVI_5129.MOV
SIGN_0145_76. Neighbour_MVI_8643,SIGN_0145,144,neighbour,D:\Colonel\final_year_project\03_MediaPipe_Landmarks\Normalized_Landmarks\76. Neighbour_MVI_8643.npz,76,D:\Colonel\final_year_project\02_INCLUDE_Dataset_Optimized\76. Neighbour\MVI_8643.MP4
SIGN_0145_76. Neighbour_MVI_3811,SIGN_0145,144,neighbour,D:\Colonel\final_year_project\03_MediaPipe_Landmarks\Normalized_Landmarks\76. Neighbour_MVI_3811.npz,60,D:\Colonel\final_year_project\02_INCLUDE_Dataset_Optimized\76. Neighbour\MVI_3811.MOV
SIGN_0146_91. new_MVI_5308,SIGN_0146,145,new,D:\Colonel\final_year_project\03_MediaPipe_Landmarks\Normalized_Landmarks\91. new_MVI_5308.npz,42,D:\Colonel\final_year_project\02_INCLUDE_Dataset_Optimized\91. new\MVI_5308.MOV
SIGN_0146_91. new_MVI_5148,SIGN_0146,145,new,D:\Colonel\final_year_project\03_MediaPipe_Landmarks\Normalized_Landmarks\91. new_MVI_5148.npz,57,D:\Colonel\final_year_project\02_INCLUDE_Dataset_Optimized\91. new\MVI_5148.MOV
SIGN_0146_91. new_MVI_9341,SIGN_0146,145,new,D:\Colonel\final_year_project\03_MediaPipe_Landmarks\Normalized_Landmarks\91. new_MVI_9341.npz,49,D:\Colonel\final_year_project\02_INCLUDE_Dataset_Optimized\91. new\MVI_9341.MOV
SIGN_0147_15. Newspaper_MVI_8972,SIGN_0147,146,newspaper,D:\Colonel\final_year_project\03_MediaPipe_Landmarks\Normalized_Landmarks\15. Newspaper_MVI_8972.npz,67,F:\Final_Year_Project\02_INCLUDE_Dataset_Optimized\15. Newspaper\MVI_8972.MP4
SIGN_0147_15. Newspaper_MVI_4308,SIGN_0147,146,newspaper,D:\Colonel\final_year_project\03_MediaPipe_Landmarks\Normalized_Landmarks\15. Newspaper_MVI_4308.npz,65,F:\Final_Year_Project\02_INCLUDE_Dataset_Optimized\15. Newspaper\MVI_4308.MOV
SIGN_0147_15. Newspaper_MVI_4842,SIGN_0147,146,newspaper,D:\Colonel\final_year_project\03_MediaPipe_Landmarks\Normalized_Landmarks\15. Newspaper_MVI_4842.npz,70,F:\Final_Year_Project\02_INCLUDE_Dataset_Optimized\15. Newspaper\MVI_4842.MOV
SIGN_0148_9. Nice_MVI_9591,SIGN_0148,147,nice,D:\Colonel\final_year_project\03_MediaPipe_Landmarks\Normalized_Landmarks\9. Nice_MVI_9591.npz,59,D:\Colonel\final_year_project\02_INCLUDE_Dataset_Optimized\9. Nice\MVI_9591.MOV
SIGN_0148_9. Nice_MVI_9588,SIGN_0148,147,nice,D:\Colonel\final_year_project\03_MediaPipe_Landmarks\Normalized_Landmarks\9. Nice_MVI_9588.npz,58,D:\Colonel\final_year_project\02_INCLUDE_Dataset_Optimized\9. Nice\MVI_9588.MOV
SIGN_0148_9. Nice_MVI_9589,SIGN_0148,147,nice,D:\Colonel\final_year_project\03_MediaPipe_Landmarks\Normalized_Landmarks\9. Nice_MVI_9589.npz,56,D:\Colonel\final_year_project\02_INCLUDE_Dataset_Optimized\9. Nice\MVI_9589.MOV
SIGN_0149_85. Night_MVI_4663,SIGN_0149,148,night,D:\Colonel\final_year_project\03_MediaPipe_Landmarks\Normalized_Landmarks\85. Night_MVI_4663.npz,54,D:\Colonel\final_year_project\02_INCLUDE_Dataset_Optimized\85. Night\MVI_4663.MOV
SIGN_0149_85. Night_MVI_5074,SIGN_0149,148,night,D:\Colonel\final_year_project\03_MediaPipe_Landmarks\Normalized_Landmarks\85. Night_MVI_5074.npz,40,D:\Colonel\final_year_project\02_INCLUDE_Dataset_Optimized\85. Night\MVI_5074.MOV
SIGN_0149_85. Night_MVI_5522,SIGN_0149,148,night,D:\Colonel\final_year_project\03_MediaPipe_Landmarks\Normalized_Landmarks\85. Night_MVI_5522.npz,37,D:\Colonel\final_year_project\02_INCLUDE_Dataset_Optimized\85. Night\MVI_5522.MOV
SIGN_0150_25. Office_MVI_3619,SIGN_0150,149,office,D:\Colonel\final_year_project\03_MediaPipe_Landmarks\Normalized_Landmarks\25. Office_MVI_3619.npz,50,F:\Final_Year_Project\02_INCLUDE_Dataset_Optimized\25. Office\MVI_3619.MOV
SIGN_0150_25. Office_MVI_3294,SIGN_0150,149,office,D:\Colonel\final_year_project\03_MediaPipe_Landmarks\Normalized_Landmarks\25. Office_MVI_3294.npz,80,D:\Colonel\final_year_project\02_INCLUDE_Dataset_Optimized\25. Office\MVI_3294.MOV
SIGN_0150_25. Office_MVI_3678,SIGN_0150,149,office,D:\Colonel\final_year_project\03_MediaPipe_Landmarks\Normalized_Landmarks\25. Office_MVI_3678.npz,62,F:\Final_Year_Project\02_INCLUDE_Dataset_Optimized\25. Office\MVI_3678.MOV
SIGN_0151_92. old_MVI_5152,SIGN_0151,150,old,D:\Colonel\final_year_project\03_MediaPipe_Landmarks\Normalized_Landmarks\92. old_MVI_5152.npz,67,D:\Colonel\final_year_project\02_INCLUDE_Dataset_Optimized\92. old\MVI_5152.MOV
SIGN_0151_92. old_MVI_9506,SIGN_0151,150,old,D:\Colonel\final_year_project\03_MediaPipe_Landmarks\Normalized_Landmarks\92. old_MVI_9506.npz,62,D:\Colonel\final_year_project\02_INCLUDE_Dataset_Optimized\92. old\MVI_9506.MOV
SIGN_0151_92. old_MVI_9344,SIGN_0151,150,old,D:\Colonel\final_year_project\03_MediaPipe_Landmarks\Normalized_Landmarks\92. old_MVI_9344.npz,56,D:\Colonel\final_year_project\02_INCLUDE_Dataset_Optimized\92. old\MVI_9344.MOV
SIGN_0152_53. Orange_MVI_8618,SIGN_0152,151,orange,D:\Colonel\final_year_project\03_MediaPipe_Landmarks\Normalized_Landmarks\53. Orange_MVI_8618.npz,73,D:\Colonel\final_year_project\02_INCLUDE_Dataset_Optimized\53. Orange\MVI_8618.MP4
SIGN_0152_53. Orange_MVI_3737,SIGN_0152,151,orange,D:\Colonel\final_year_project\03_MediaPipe_Landmarks\Normalized_Landmarks\53. Orange_MVI_3737.npz,43,D:\Colonel\final_year_project\02_INCLUDE_Dataset_Optimized\53. Orange\MVI_3737.MOV
SIGN_0152_53. Orange_MVI_5055,SIGN_0152,151,orange,D:\Colonel\final_year_project\03_MediaPipe_Landmarks\Normalized_Landmarks\53. Orange_MVI_5055.npz,54,D:\Colonel\final_year_project\02_INCLUDE_Dataset_Optimized\53. Orange\MVI_5055.MOV
SIGN_0153_38. Page_MVI_4403,SIGN_0153,152,page,D:\Colonel\final_year_project\03_MediaPipe_Landmarks\Normalized_Landmarks\38. Page_MVI_4403.npz,80,D:\Colonel\final_year_project\02_INCLUDE_Dataset_Optimized\38. Page\MVI_4403.MOV
SIGN_0153_38. Page_MVI_4920,SIGN_0153,152,page,D:\Colonel\final_year_project\03_MediaPipe_Landmarks\Normalized_Landmarks\38. Page_MVI_4920.npz,66,D:\Colonel\final_year_project\02_INCLUDE_Dataset_Optimized\38. Page\MVI_4920.MOV
SIGN_0153_38. Page_MVI_9047,SIGN_0153,152,page,D:\Colonel\final_year_project\03_MediaPipe_Landmarks\Normalized_Landmarks\38. Page_MVI_9047.npz,87,D:\Colonel\final_year_project\02_INCLUDE_Dataset_Optimized\38. Page\MVI_9047.MP4
SIGN_0154_40. Paint_MVI_8819,SIGN_0154,153,paint,D:\Colonel\final_year_project\03_MediaPipe_Landmarks\Normalized_Landmarks\40. Paint_MVI_8819.npz,70,D:\Colonel\final_year_project\02_INCLUDE_Dataset_Optimized\40. Paint\MVI_8819.MP4
SIGN_0154_40. Paint_MVI_4927,SIGN_0154,153,paint,D:\Colonel\final_year_project\03_MediaPipe_Landmarks\Normalized_Landmarks\40. Paint_MVI_4927.npz,65,D:\Colonel\final_year_project\02_INCLUDE_Dataset_Optimized\40. Paint\MVI_4927.MOV
SIGN_0154_40. Paint_MVI_9053,SIGN_0154,153,paint,D:\Colonel\final_year_project\03_MediaPipe_Landmarks\Normalized_Landmarks\40. Paint_MVI_9053.npz,72,D:\Colonel\final_year_project\02_INCLUDE_Dataset_Optimized\40. Paint\MVI_9053.MP4
SIGN_0155_43. Pant_MVI_8607,SIGN_0155,154,pant,D:\Colonel\final_year_project\03_MediaPipe_Landmarks\Normalized_Landmarks\43. Pant_MVI_8607.npz,55,D:\Colonel\final_year_project\02_INCLUDE_Dataset_Optimized\43. Pant\MVI_8607.MP4
SIGN_0155_43. Pant_MVI_5024,SIGN_0155,154,pant,D:\Colonel\final_year_project\03_MediaPipe_Landmarks\Normalized_Landmarks\43. Pant_MVI_5024.npz,47,D:\Colonel\final_year_project\02_INCLUDE_Dataset_Optimized\43. Pant\MVI_5024.MOV
SIGN_0155_43. Pant_MVI_3707,SIGN_0155,154,pant,D:\Colonel\final_year_project\03_MediaPipe_Landmarks\Normalized_Landmarks\43. Pant_MVI_3707.npz,77,D:\Colonel\final_year_project\02_INCLUDE_Dataset_Optimized\43. Pant\MVI_3707.MOV
SIGN_0156_42. Paper_MVI_4932,SIGN_0156,155,paper,D:\Colonel\final_year_project\03_MediaPipe_Landmarks\Normalized_Landmarks\42. Paper_MVI_4932.npz,63,D:\Colonel\final_year_project\02_INCLUDE_Dataset_Optimized\42. Paper\MVI_4932.MOV
SIGN_0156_42. Paper_MVI_8828,SIGN_0156,155,paper,D:\Colonel\final_year_project\03_MediaPipe_Landmarks\Normalized_Landmarks\42. Paper_MVI_8828.npz,62,D:\Colonel\final_year_project\02_INCLUDE_Dataset_Optimized\42. Paper\MVI_8828.MP4
SIGN_0156_42. Paper_MVI_9059,SIGN_0156,155,paper,D:\Colonel\final_year_project\03_MediaPipe_Landmarks\Normalized_Landmarks\42. Paper_MVI_9059.npz,73,D:\Colonel\final_year_project\02_INCLUDE_Dataset_Optimized\42. Paper\MVI_9059.MP4
SIGN_0157_62. Parent_MVI_4063,SIGN_0157,156,parent,D:\Colonel\final_year_project\03_MediaPipe_Landmarks\Normalized_Landmarks\62. Parent_MVI_4063.npz,81,D:\Colonel\final_year_project\02_INCLUDE_Dataset_Optimized\62. Parent\MVI_4063.MOV
SIGN_0157_62. Parent_MVI_3766,SIGN_0157,156,parent,D:\Colonel\final_year_project\03_MediaPipe_Landmarks\Normalized_Landmarks\62. Parent_MVI_3766.npz,74,D:\Colonel\final_year_project\02_INCLUDE_Dataset_Optimized\62. Parent\MVI_3766.MOV
SIGN_0157_62. Parent_MVI_5083,SIGN_0157,156,parent,D:\Colonel\final_year_project\03_MediaPipe_Landmarks\Normalized_Landmarks\62. Parent_MVI_5083.npz,72,D:\Colonel\final_year_project\02_INCLUDE_Dataset_Optimized\62. Parent\MVI_5083.MOV
SIGN_0158_27. Park_MVI_3549,SIGN_0158,157,park,D:\Colonel\final_year_project\03_MediaPipe_Landmarks\Normalized_Landmarks\27. Park_MVI_3549.npz,59,D:\Colonel\final_year_project\02_INCLUDE_Dataset_Optimized\27. Park\MVI_3549.MOV
SIGN_0158_27. Park_MVI_3302,SIGN_0158,157,park,D:\Colonel\final_year_project\03_MediaPipe_Landmarks\Normalized_Landmarks\27. Park_MVI_3302.npz,69,D:\Colonel\final_year_project\02_INCLUDE_Dataset_Optimized\27. Park\MVI_3302.MOV
SIGN_0158_27. Park_MVI_3382,SIGN_0158,157,park,D:\Colonel\final_year_project\03_MediaPipe_Landmarks\Normalized_Landmarks\27. Park_MVI_3382.npz,66,D:\Colonel\final_year_project\02_INCLUDE_Dataset_Optimized\27. Park\MVI_3382.MOV
SIGN_0159_88. Patient_MVI_4474,SIGN_0159,158,patient,D:\Colonel\final_year_project\03_MediaPipe_Landmarks\Normalized_Landmarks\88. Patient_MVI_4474.npz,96,D:\Colonel\final_year_project\02_INCLUDE_Dataset_Optimized\88. Patient\MVI_4474.MOV
SIGN_0159_88. Patient_MVI_5328,SIGN_0159,158,patient,D:\Colonel\final_year_project\03_MediaPipe_Landmarks\Normalized_Landmarks\88. Patient_MVI_5328.npz,62,D:\Colonel\final_year_project\02_INCLUDE_Dataset_Optimized\88. Patient\MVI_5328.MOV
SIGN_0159_88. Patient_MVI_4758,SIGN_0159,158,patient,D:\Colonel\final_year_project\03_MediaPipe_Landmarks\Normalized_Landmarks\88. Patient_MVI_4758.npz,70,D:\Colonel\final_year_project\02_INCLUDE_Dataset_Optimized\88. Patient\MVI_4758.MOV
SIGN_0160_12. Peace_MVI_8962,SIGN_0160,159,peace,D:\Colonel\final_year_project\03_MediaPipe_Landmarks\Normalized_Landmarks\12. Peace_MVI_8962.npz,68,F:\Final_Year_Project\02_INCLUDE_Dataset_Optimized\12. Peace\MVI_8962.MP4
SIGN_0160_12. Peace_MVI_8704,SIGN_0160,159,peace,D:\Colonel\final_year_project\03_MediaPipe_Landmarks\Normalized_Landmarks\12. Peace_MVI_8704.npz,86,F:\Final_Year_Project\02_INCLUDE_Dataset_Optimized\12. Peace\MVI_8704.MP4
SIGN_0160_12. Peace_MVI_4295,SIGN_0160,159,peace,D:\Colonel\final_year_project\03_MediaPipe_Landmarks\Normalized_Landmarks\12. Peace_MVI_4295.npz,62,F:\Final_Year_Project\02_INCLUDE_Dataset_Optimized\12. Peace\MVI_4295.MOV
SIGN_0161_34. Pen_MVI_8794,SIGN_0161,160,pen,D:\Colonel\final_year_project\03_MediaPipe_Landmarks\Normalized_Landmarks\34. Pen_MVI_8794.npz,63,D:\Colonel\final_year_project\02_INCLUDE_Dataset_Optimized\34. Pen\MVI_8794.MP4
SIGN_0161_34. Pen_MVI_9034,SIGN_0161,160,pen,D:\Colonel\final_year_project\03_MediaPipe_Landmarks\Normalized_Landmarks\34. Pen_MVI_9034.npz,59,D:\Colonel\final_year_project\02_INCLUDE_Dataset_Optimized\34. Pen\MVI_9034.MP4
SIGN_0161_34. Pen_MVI_4906,SIGN_0161,160,pen,D:\Colonel\final_year_project\03_MediaPipe_Landmarks\Normalized_Landmarks\34. Pen_MVI_4906.npz,52,D:\Colonel\final_year_project\02_INCLUDE_Dataset_Optimized\34. Pen\MVI_4906.MOV
SIGN_0162_33. Pencil_MVI_4383,SIGN_0162,161,pencil,D:\Colonel\final_year_project\03_MediaPipe_Landmarks\Normalized_Landmarks\33. Pencil_MVI_4383.npz,65,D:\Colonel\final_year_project\02_INCLUDE_Dataset_Optimized\33. Pencil\MVI_4383.MOV
SIGN_0162_33. Pencil_MVI_9031,SIGN_0162,161,pencil,D:\Colonel\final_year_project\03_MediaPipe_Landmarks\Normalized_Landmarks\33. Pencil_MVI_9031.npz,65,D:\Colonel\final_year_project\02_INCLUDE_Dataset_Optimized\33. Pencil\MVI_9031.MP4
SIGN_0162_33. Pencil_MVI_8788,SIGN_0162,161,pencil,D:\Colonel\final_year_project\03_MediaPipe_Landmarks\Normalized_Landmarks\33. Pencil_MVI_8788.npz,59,D:\Colonel\final_year_project\02_INCLUDE_Dataset_Optimized\33. Pencil\MVI_8788.MP4
SIGN_0163_35. Photograph_MVI_4909,SIGN_0163,162,photograph,D:\Colonel\final_year_project\03_MediaPipe_Landmarks\Normalized_Landmarks\35. Photograph_MVI_4909.npz,59,D:\Colonel\final_year_project\02_INCLUDE_Dataset_Optimized\35. Photograph\MVI_4909.MOV
SIGN_0163_35. Photograph_MVI_9037,SIGN_0163,162,photograph,D:\Colonel\final_year_project\03_MediaPipe_Landmarks\Normalized_Landmarks\35. Photograph_MVI_9037.npz,73,D:\Colonel\final_year_project\02_INCLUDE_Dataset_Optimized\35. Photograph\MVI_9037.MP4
SIGN_0163_35. Photograph_MVI_8798,SIGN_0163,162,photograph,D:\Colonel\final_year_project\03_MediaPipe_Landmarks\Normalized_Landmarks\35. Photograph_MVI_8798.npz,69,D:\Colonel\final_year_project\02_INCLUDE_Dataset_Optimized\35. Photograph\MVI_8798.MP4
SIGN_0164_52. Pink_MVI_5052,SIGN_0164,163,pink,D:\Colonel\final_year_project\03_MediaPipe_Landmarks\Normalized_Landmarks\52. Pink_MVI_5052.npz,63,D:\Colonel\final_year_project\02_INCLUDE_Dataset_Optimized\52. Pink\MVI_5052.MOV
SIGN_0164_52. Pink_MVI_8617,SIGN_0164,163,pink,D:\Colonel\final_year_project\03_MediaPipe_Landmarks\Normalized_Landmarks\52. Pink_MVI_8617.npz,64,D:\Colonel\final_year_project\02_INCLUDE_Dataset_Optimized\52. Pink\MVI_8617.MP4
SIGN_0164_52. Pink_MVI_4033,SIGN_0164,163,pink,D:\Colonel\final_year_project\03_MediaPipe_Landmarks\Normalized_Landmarks\52. Pink_MVI_4033.npz,53,D:\Colonel\final_year_project\02_INCLUDE_Dataset_Optimized\52. Pink\MVI_4033.MOV
SIGN_0165_10. Plane_MVI_3113,SIGN_0165,164,plane,D:\Colonel\final_year_project\03_MediaPipe_Landmarks\Normalized_Landmarks\10. Plane_MVI_3113.npz,92,F:\Final_Year_Project\02_INCLUDE_Dataset_Optimized\10. Plane\MVI_3113.MOV
SIGN_0165_10. Plane_MVI_3172,SIGN_0165,164,plane,D:\Colonel\final_year_project\03_MediaPipe_Landmarks\Normalized_Landmarks\10. Plane_MVI_3172.npz,73,F:\Final_Year_Project\02_INCLUDE_Dataset_Optimized\10. Plane\MVI_3172.MOV
SIGN_0165_10. Plane_MVI_3235,SIGN_0165,164,plane,D:\Colonel\final_year_project\03_MediaPipe_Landmarks\Normalized_Landmarks\10. Plane_MVI_3235.npz,81,F:\Final_Year_Project\02_INCLUDE_Dataset_Optimized\10. Plane\MVI_3235.MOV
SIGN_0166_82. Player_MVI_3829,SIGN_0166,165,player,D:\Colonel\final_year_project\03_MediaPipe_Landmarks\Normalized_Landmarks\82. Player_MVI_3829.npz,62,D:\Colonel\final_year_project\02_INCLUDE_Dataset_Optimized\82. Player\MVI_3829.MOV
SIGN_0166_82. Player_MVI_4125,SIGN_0166,165,player,D:\Colonel\final_year_project\03_MediaPipe_Landmarks\Normalized_Landmarks\82. Player_MVI_4125.npz,58,D:\Colonel\final_year_project\02_INCLUDE_Dataset_Optimized\82. Player\MVI_4125.MOV
SIGN_0166_82. Player_MVI_5148,SIGN_0166,165,player,D:\Colonel\final_year_project\03_MediaPipe_Landmarks\Normalized_Landmarks\82. Player_MVI_5148.npz,63,D:\Colonel\final_year_project\02_INCLUDE_Dataset_Optimized\82. Player\MVI_5148.MOV
SIGN_0167_56. Pleased_MVI_9952,SIGN_0167,166,pleased,D:\Colonel\final_year_project\03_MediaPipe_Landmarks\Normalized_Landmarks\56. Pleased_MVI_9952.npz,52,D:\Colonel\final_year_project\02_INCLUDE_Dataset_Optimized\56. Pleased\MVI_9952.MOV
SIGN_0167_56. Pleased_MVI_0066,SIGN_0167,166,pleased,D:\Colonel\final_year_project\03_MediaPipe_Landmarks\Normalized_Landmarks\56. Pleased_MVI_0066.npz,79,D:\Colonel\final_year_project\02_INCLUDE_Dataset_Optimized\56. Pleased\MVI_0066.MOV
SIGN_0167_56. Pleased_MVI_0009,SIGN_0167,166,pleased,D:\Colonel\final_year_project\03_MediaPipe_Landmarks\Normalized_Landmarks\56. Pleased_MVI_0009.npz,56,D:\Colonel\final_year_project\02_INCLUDE_Dataset_Optimized\56. Pleased\MVI_0009.MOV
SIGN_0168_45. Pocket_MVI_5031,SIGN_0168,167,pocket,D:\Colonel\final_year_project\03_MediaPipe_Landmarks\Normalized_Landmarks\45. Pocket_MVI_5031.npz,58,D:\Colonel\final_year_project\02_INCLUDE_Dataset_Optimized\45. Pocket\MVI_5031.MOV
SIGN_0168_45. Pocket_MVI_3713,SIGN_0168,167,pocket,D:\Colonel\final_year_project\03_MediaPipe_Landmarks\Normalized_Landmarks\45. Pocket_MVI_3713.npz,67,D:\Colonel\final_year_project\02_INCLUDE_Dataset_Optimized\45. Pocket\MVI_3713.MOV
SIGN_0168_45. Pocket_MVI_4011,SIGN_0168,167,pocket,D:\Colonel\final_year_project\03_MediaPipe_Landmarks\Normalized_Landmarks\45. Pocket_MVI_4011.npz,66,D:\Colonel\final_year_project\02_INCLUDE_Dataset_Optimized\45. Pocket\MVI_4011.MOV
SIGN_0169_92. Police_MVI_4491,SIGN_0169,168,police,D:\Colonel\final_year_project\03_MediaPipe_Landmarks\Normalized_Landmarks\92. Police_MVI_4491.npz,74,D:\Colonel\final_year_project\02_INCLUDE_Dataset_Optimized\92. Police\MVI_4491.MOV
SIGN_0169_92. Police_MVI_4773,SIGN_0169,168,police,D:\Colonel\final_year_project\03_MediaPipe_Landmarks\Normalized_Landmarks\92. Police_MVI_4773.npz,63,D:\Colonel\final_year_project\02_INCLUDE_Dataset_Optimized\92. Police\MVI_4773.MOV
SIGN_0169_92. Police_MVI_8892,SIGN_0169,168,police,D:\Colonel\final_year_project\03_MediaPipe_Landmarks\Normalized_Landmarks\92. Police_MVI_8892.npz,62,D:\Colonel\final_year_project\02_INCLUDE_Dataset_Optimized\92. Police\MVI_8892.MP4
SIGN_0170_12. poor_MVI_9600,SIGN_0170,169,poor,D:\Colonel\final_year_project\03_MediaPipe_Landmarks\Normalized_Landmarks\12. poor_MVI_9600.npz,60,F:\Final_Year_Project\02_INCLUDE_Dataset_Optimized\12. poor\MVI_9600.MOV
SIGN_0170_12. poor_MVI_9738,SIGN_0170,169,poor,D:\Colonel\final_year_project\03_MediaPipe_Landmarks\Normalized_Landmarks\12. poor_MVI_9738.npz,61,F:\Final_Year_Project\02_INCLUDE_Dataset_Optimized\12. poor\MVI_9738.MOV
SIGN_0170_12. poor_MVI_9740,SIGN_0170,169,poor,D:\Colonel\final_year_project\03_MediaPipe_Landmarks\Normalized_Landmarks\12. poor_MVI_9740.npz,72,F:\Final_Year_Project\02_INCLUDE_Dataset_Optimized\12. poor\MVI_9740.MOV
SIGN_0171_75. President_MVI_8642,SIGN_0171,170,president,D:\Colonel\final_year_project\03_MediaPipe_Landmarks\Normalized_Landmarks\75. President_MVI_8642.npz,55,D:\Colonel\final_year_project\02_INCLUDE_Dataset_Optimized\75. President\MVI_8642.MP4
SIGN_0171_75. President_MVI_4102,SIGN_0171,170,president,D:\Colonel\final_year_project\03_MediaPipe_Landmarks\Normalized_Landmarks\75. President_MVI_4102.npz,83,D:\Colonel\final_year_project\02_INCLUDE_Dataset_Optimized\75. President\MVI_4102.MOV
SIGN_0171_75. President_MVI_5126,SIGN_0171,170,president,D:\Colonel\final_year_project\03_MediaPipe_Landmarks\Normalized_Landmarks\75. President_MVI_5126.npz,75,D:\Colonel\final_year_project\02_INCLUDE_Dataset_Optimized\75. President\MVI_5126.MOV
SIGN_0172_20. Price_MVI_4328,SIGN_0172,171,price,D:\Colonel\final_year_project\03_MediaPipe_Landmarks\Normalized_Landmarks\20. Price_MVI_4328.npz,56,F:\Final_Year_Project\02_INCLUDE_Dataset_Optimized\20. Price\MVI_4328.MOV
SIGN_0172_20. Price_MVI_8736,SIGN_0172,171,price,D:\Colonel\final_year_project\03_MediaPipe_Landmarks\Normalized_Landmarks\20. Price_MVI_8736.npz,81,F:\Final_Year_Project\02_INCLUDE_Dataset_Optimized\20. Price\MVI_8736.MP4
SIGN_0172_20. Price_MVI_8988,SIGN_0172,171,price,D:\Colonel\final_year_project\03_MediaPipe_Landmarks\Normalized_Landmarks\20. Price_MVI_8988.npz,66,F:\Final_Year_Project\02_INCLUDE_Dataset_Optimized\20. Price\MVI_8988.MP4
SIGN_0173_91. Priest_MVI_4770,SIGN_0173,172,priest,D:\Colonel\final_year_project\03_MediaPipe_Landmarks\Normalized_Landmarks\91. Priest_MVI_4770.npz,61,D:\Colonel\final_year_project\02_INCLUDE_Dataset_Optimized\91. Priest\MVI_4770.MOV
SIGN_0173_91. Priest_MVI_4486,SIGN_0173,172,priest,D:\Colonel\final_year_project\03_MediaPipe_Landmarks\Normalized_Landmarks\91. Priest_MVI_4486.npz,79,D:\Colonel\final_year_project\02_INCLUDE_Dataset_Optimized\91. Priest\MVI_4486.MOV
SIGN_0173_91. Priest_MVI_8889,SIGN_0173,172,priest,D:\Colonel\final_year_project\03_MediaPipe_Landmarks\Normalized_Landmarks\91. Priest_MVI_8889.npz,65,D:\Colonel\final_year_project\02_INCLUDE_Dataset_Optimized\91. Priest\MVI_8889.MP4
SIGN_0174_74. Queen_MVI_8641,SIGN_0174,173,queen,D:\Colonel\final_year_project\03_MediaPipe_Landmarks\Normalized_Landmarks\74. Queen_MVI_8641.npz,68,D:\Colonel\final_year_project\02_INCLUDE_Dataset_Optimized\74. Queen\MVI_8641.MP4
SIGN_0174_74. Queen_MVI_5123,SIGN_0174,173,queen,D:\Colonel\final_year_project\03_MediaPipe_Landmarks\Normalized_Landmarks\74. Queen_MVI_5123.npz,64,D:\Colonel\final_year_project\02_INCLUDE_Dataset_Optimized\74. Queen\MVI_5123.MOV
SIGN_0174_74. Queen_MVI_3805,SIGN_0174,173,queen,D:\Colonel\final_year_project\03_MediaPipe_Landmarks\Normalized_Landmarks\74. Queen_MVI_3805.npz,57,D:\Colonel\final_year_project\02_INCLUDE_Dataset_Optimized\74. Queen\MVI_3805.MOV
SIGN_0175_2. quiet_MVI_5339,SIGN_0175,174,quiet,D:\Colonel\final_year_project\03_MediaPipe_Landmarks\Normalized_Landmarks\2. quiet_MVI_5339.npz,52,F:\Final_Year_Project\02_INCLUDE_Dataset_Optimized\2. quiet\MVI_5339.MOV
SIGN_0175_2. quiet_MVI_5180,SIGN_0175,174,quiet,D:\Colonel\final_year_project\03_MediaPipe_Landmarks\Normalized_Landmarks\2. quiet_MVI_5180.npz,68,F:\Final_Year_Project\02_INCLUDE_Dataset_Optimized\2. quiet\MVI_5180.MOV
SIGN_0175_2. quiet_MVI_9372,SIGN_0175,174,quiet,D:\Colonel\final_year_project\03_MediaPipe_Landmarks\Normalized_Landmarks\2. quiet_MVI_9372.npz,47,F:\Final_Year_Project\02_INCLUDE_Dataset_Optimized\2. quiet\MVI_9372.MOV
SIGN_0176_8. Race (ethnicity)_MVI_8687,SIGN_0176,175,race (ethnicity),D:\Colonel\final_year_project\03_MediaPipe_Landmarks\Normalized_Landmarks\8. Race (ethnicity)_MVI_8687.npz,68,D:\Colonel\final_year_project\02_INCLUDE_Dataset_Optimized\8. Race (ethnicity)\MVI_8687.MP4
SIGN_0176_8. Race (ethnicity)_MVI_8950,SIGN_0176,175,race (ethnicity),D:\Colonel\final_year_project\03_MediaPipe_Landmarks\Normalized_Landmarks\8. Race (ethnicity)_MVI_8950.npz,71,D:\Colonel\final_year_project\02_INCLUDE_Dataset_Optimized\8. Race (ethnicity)\MVI_8950.MP4
SIGN_0176_8. Race (ethnicity)_MVI_4279,SIGN_0176,175,race (ethnicity),D:\Colonel\final_year_project\03_MediaPipe_Landmarks\Normalized_Landmarks\8. Race (ethnicity)_MVI_4279.npz,62,D:\Colonel\final_year_project\02_INCLUDE_Dataset_Optimized\8. Race (ethnicity)\MVI_4279.MOV
SIGN_0177_60. Radio_MVI_4561,SIGN_0177,176,radio,D:\Colonel\final_year_project\03_MediaPipe_Landmarks\Normalized_Landmarks\60. Radio_MVI_4561.npz,64,D:\Colonel\final_year_project\02_INCLUDE_Dataset_Optimized\60. Radio\MVI_4561.MOV
SIGN_0177_60. Radio_MVI_5418,SIGN_0177,176,radio,D:\Colonel\final_year_project\03_MediaPipe_Landmarks\Normalized_Landmarks\60. Radio_MVI_5418.npz,52,D:\Colonel\final_year_project\02_INCLUDE_Dataset_Optimized\60. Radio\MVI_5418.MOV
SIGN_0177_60. Radio_MVI_4987,SIGN_0177,176,radio,D:\Colonel\final_year_project\03_MediaPipe_Landmarks\Normalized_Landmarks\60. Radio_MVI_4987.npz,47,D:\Colonel\final_year_project\02_INCLUDE_Dataset_Optimized\60. Radio\MVI_4987.MOV
SIGN_0178_47. Red_MVI_4017,SIGN_0178,177,red,D:\Colonel\final_year_project\03_MediaPipe_Landmarks\Normalized_Landmarks\47. Red_MVI_4017.npz,61,D:\Colonel\final_year_project\02_INCLUDE_Dataset_Optimized\47. Red\MVI_4017.MOV
SIGN_0178_47. Red_MVI_5037,SIGN_0178,177,red,D:\Colonel\final_year_project\03_MediaPipe_Landmarks\Normalized_Landmarks\47. Red_MVI_5037.npz,52,D:\Colonel\final_year_project\02_INCLUDE_Dataset_Optimized\47. Red\MVI_5037.MOV
SIGN_0178_47. Red_MVI_3719,SIGN_0178,177,red,D:\Colonel\final_year_project\03_MediaPipe_Landmarks\Normalized_Landmarks\47. Red_MVI_3719.npz,58,D:\Colonel\final_year_project\02_INCLUDE_Dataset_Optimized\47. Red\MVI_3719.MOV
SIGN_0179_1. Religion_MVI_8659,SIGN_0179,178,religion,D:\Colonel\final_year_project\03_MediaPipe_Landmarks\Normalized_Landmarks\1. Religion_MVI_8659.npz,125,F:\Final_Year_Project\02_INCLUDE_Dataset_Optimized\1. Religion\MVI_8659.MP4
SIGN_0179_1. Religion_MVI_4251,SIGN_0179,178,religion,D:\Colonel\final_year_project\03_MediaPipe_Landmarks\Normalized_Landmarks\1. Religion_MVI_4251.npz,107,F:\Final_Year_Project\02_INCLUDE_Dataset_Optimized\1. Religion\MVI_4251.MOV
SIGN_0179_1. Religion_MVI_4797,SIGN_0179,178,religion,D:\Colonel\final_year_project\03_MediaPipe_Landmarks\Normalized_Landmarks\1. Religion_MVI_4797.npz,111,F:\Final_Year_Project\02_INCLUDE_Dataset_Optimized\1. Religion\MVI_4797.MOV
SIGN_0180_97. Reporter_MVI_5368,SIGN_0180,179,reporter,D:\Colonel\final_year_project\03_MediaPipe_Landmarks\Normalized_Landmarks\97. Reporter_MVI_5368.npz,56,D:\Colonel\final_year_project\02_INCLUDE_Dataset_Optimized\97. Reporter\MVI_5368.MOV
SIGN_0180_97. Reporter_MVI_4512,SIGN_0180,179,reporter,D:\Colonel\final_year_project\03_MediaPipe_Landmarks\Normalized_Landmarks\97. Reporter_MVI_4512.npz,83,D:\Colonel\final_year_project\02_INCLUDE_Dataset_Optimized\97. Reporter\MVI_4512.MOV
SIGN_0180_97. Reporter_MVI_4788,SIGN_0180,179,reporter,D:\Colonel\final_year_project\03_MediaPipe_Landmarks\Normalized_Landmarks\97. Reporter_MVI_4788.npz,72,D:\Colonel\final_year_project\02_INCLUDE_Dataset_Optimized\97. Reporter\MVI_4788.MOV
SIGN_0181_22. Restaurant_MVI_3280,SIGN_0181,180,restaurant,D:\Colonel\final_year_project\03_MediaPipe_Landmarks\Normalized_Landmarks\22. Restaurant_MVI_3280.npz,1,F:\Final_Year_Project\02_INCLUDE_Dataset_Optimized\22. Restaurant\MVI_3280.MOV
SIGN_0181_22. Restaurant_MVI_3528,SIGN_0181,180,restaurant,D:\Colonel\final_year_project\03_MediaPipe_Landmarks\Normalized_Landmarks\22. Restaurant_MVI_3528.npz,59,D:\Colonel\final_year_project\02_INCLUDE_Dataset_Optimized\22. Restaurant\MVI_3528.MOV
SIGN_0181_22. Restaurant_MVI_3608,SIGN_0181,180,restaurant,D:\Colonel\final_year_project\03_MediaPipe_Landmarks\Normalized_Landmarks\22. Restaurant_MVI_3608.npz,23,F:\Final_Year_Project\02_INCLUDE_Dataset_Optimized\22. Restaurant\MVI_3608.MOV
SIGN_0182_11. rich_MVI_9598,SIGN_0182,181,rich,D:\Colonel\final_year_project\03_MediaPipe_Landmarks\Normalized_Landmarks\11. rich_MVI_9598.npz,58,F:\Final_Year_Project\02_INCLUDE_Dataset_Optimized\11. rich\MVI_9598.MOV
SIGN_0182_11. rich_MVI_9596,SIGN_0182,181,rich,D:\Colonel\final_year_project\03_MediaPipe_Landmarks\Normalized_Landmarks\11. rich_MVI_9596.npz,47,F:\Final_Year_Project\02_INCLUDE_Dataset_Optimized\11. rich\MVI_9596.MOV
SIGN_0182_11. rich_MVI_9734,SIGN_0182,181,rich,D:\Colonel\final_year_project\03_MediaPipe_Landmarks\Normalized_Landmarks\11. rich_MVI_9734.npz,64,F:\Final_Year_Project\02_INCLUDE_Dataset_Optimized\11. rich\MVI_9734.MOV
SIGN_0183_49. Ring_MVI_8858,SIGN_0183,182,ring,D:\Colonel\final_year_project\03_MediaPipe_Landmarks\Normalized_Landmarks\49. Ring_MVI_8858.npz,70,D:\Colonel\final_year_project\02_INCLUDE_Dataset_Optimized\49. Ring\MVI_8858.MP4
SIGN_0183_49. Ring_MVI_4953,SIGN_0183,182,ring,D:\Colonel\final_year_project\03_MediaPipe_Landmarks\Normalized_Landmarks\49. Ring_MVI_4953.npz,56,D:\Colonel\final_year_project\02_INCLUDE_Dataset_Optimized\49. Ring\MVI_4953.MOV
SIGN_0183_49. Ring_MVI_4449,SIGN_0183,182,ring,D:\Colonel\final_year_project\03_MediaPipe_Landmarks\Normalized_Landmarks\49. Ring_MVI_4449.npz,50,D:\Colonel\final_year_project\02_INCLUDE_Dataset_Optimized\49. Ring\MVI_4449.MOV
SIGN_0184_4. sad_MVI_9720,SIGN_0184,183,sad,D:\Colonel\final_year_project\03_MediaPipe_Landmarks\Normalized_Landmarks\4. sad_MVI_9720.npz,62,D:\Colonel\final_year_project\02_INCLUDE_Dataset_Optimized\4. sad\MVI_9720.MOV
SIGN_0184_4. sad_MVI_9565,SIGN_0184,183,sad,D:\Colonel\final_year_project\03_MediaPipe_Landmarks\Normalized_Landmarks\4. sad_MVI_9565.npz,63,D:\Colonel\final_year_project\02_INCLUDE_Dataset_Optimized\4. sad\MVI_9565.MOV
SIGN_0184_4. sad_MVI_9567,SIGN_0184,183,sad,D:\Colonel\final_year_project\03_MediaPipe_Landmarks\Normalized_Landmarks\4. sad_MVI_9567.npz,59,D:\Colonel\final_year_project\02_INCLUDE_Dataset_Optimized\4. sad\MVI_9567.MOV
SIGN_0185_72. Saturday_MVI_4611,SIGN_0185,184,saturday,D:\Colonel\final_year_project\03_MediaPipe_Landmarks\Normalized_Landmarks\72. Saturday_MVI_4611.npz,61,D:\Colonel\final_year_project\02_INCLUDE_Dataset_Optimized\72. Saturday\MVI_4611.MOV
SIGN_0185_72. Saturday_MVI_5468,SIGN_0185,184,saturday,D:\Colonel\final_year_project\03_MediaPipe_Landmarks\Normalized_Landmarks\72. Saturday_MVI_5468.npz,53,D:\Colonel\final_year_project\02_INCLUDE_Dataset_Optimized\72. Saturday\MVI_5468.MOV
SIGN_0185_72. Saturday_MVI_5027,SIGN_0185,184,saturday,D:\Colonel\final_year_project\03_MediaPipe_Landmarks\Normalized_Landmarks\72. Saturday_MVI_5027.npz,44,D:\Colonel\final_year_project\02_INCLUDE_Dataset_Optimized\72. Saturday\MVI_5027.MOV
SIGN_0186_24. School_MVI_3536,SIGN_0186,185,school,D:\Colonel\final_year_project\03_MediaPipe_Landmarks\Normalized_Landmarks\24. School_MVI_3536.npz,53,D:\Colonel\final_year_project\02_INCLUDE_Dataset_Optimized\24. School\MVI_3536.MOV
SIGN_0186_24. School_MVI_3290,SIGN_0186,185,school,D:\Colonel\final_year_project\03_MediaPipe_Landmarks\Normalized_Landmarks\24. School_MVI_3290.npz,72,D:\Colonel\final_year_project\02_INCLUDE_Dataset_Optimized\24. School\MVI_3290.MOV
SIGN_0186_24. School_MVI_3617,SIGN_0186,185,school,D:\Colonel\final_year_project\03_MediaPipe_Landmarks\Normalized_Landmarks\24. School_MVI_3617.npz,49,D:\Colonel\final_year_project\02_INCLUDE_Dataset_Optimized\24. School\MVI_3617.MOV
SIGN_0187_22. Science_MVI_8744,SIGN_0187,186,science,D:\Colonel\final_year_project\03_MediaPipe_Landmarks\Normalized_Landmarks\22. Science_MVI_8744.npz,71,D:\Colonel\final_year_project\02_INCLUDE_Dataset_Optimized\22. Science\MVI_8744.MP4
SIGN_0187_22. Science_MVI_8994,SIGN_0187,186,science,D:\Colonel\final_year_project\03_MediaPipe_Landmarks\Normalized_Landmarks\22. Science_MVI_8994.npz,70,D:\Colonel\final_year_project\02_INCLUDE_Dataset_Optimized\22. Science\MVI_8994.MP4
SIGN_0187_22. Science_MVI_4863,SIGN_0187,186,science,D:\Colonel\final_year_project\03_MediaPipe_Landmarks\Normalized_Landmarks\22. Science_MVI_4863.npz,62,D:\Colonel\final_year_project\02_INCLUDE_Dataset_Optimized\22. Science\MVI_4863.MOV
SIGN_0188_57. Screen_MVI_9112,SIGN_0188,187,screen,D:\Colonel\final_year_project\03_MediaPipe_Landmarks\Normalized_Landmarks\57. Screen_MVI_9112.npz,63,D:\Colonel\final_year_project\02_INCLUDE_Dataset_Optimized\57. Screen\MVI_9112.MP4
SIGN_0188_57. Screen_MVI_4976,SIGN_0188,187,screen,D:\Colonel\final_year_project\03_MediaPipe_Landmarks\Normalized_Landmarks\57. Screen_MVI_4976.npz,59,D:\Colonel\final_year_project\02_INCLUDE_Dataset_Optimized\57. Screen\MVI_4976.MOV
SIGN_0188_57. Screen_MVI_5405,SIGN_0188,187,screen,D:\Colonel\final_year_project\03_MediaPipe_Landmarks\Normalized_Landmarks\57. Screen_MVI_5405.npz,62,D:\Colonel\final_year_project\02_INCLUDE_Dataset_Optimized\57. Screen\MVI_5405.MOV
SIGN_0189_65. Season_MVI_5439,SIGN_0189,188,season,D:\Colonel\final_year_project\03_MediaPipe_Landmarks\Normalized_Landmarks\65. Season_MVI_5439.npz,128,D:\Colonel\final_year_project\02_INCLUDE_Dataset_Optimized\65. Season\MVI_5439.MOV
SIGN_0189_65. Season_MVI_4581,SIGN_0189,188,season,D:\Colonel\final_year_project\03_MediaPipe_Landmarks\Normalized_Landmarks\65. Season_MVI_4581.npz,130,D:\Colonel\final_year_project\02_INCLUDE_Dataset_Optimized\65. Season\MVI_4581.MOV
SIGN_0189_65. Season_MVI_9138,SIGN_0189,188,season,D:\Colonel\final_year_project\03_MediaPipe_Landmarks\Normalized_Landmarks\65. Season_MVI_9138.npz,112,D:\Colonel\final_year_project\02_INCLUDE_Dataset_Optimized\65. Season\MVI_9138.MP4
SIGN_0190_81. Second_MVI_9216,SIGN_0190,189,second,D:\Colonel\final_year_project\03_MediaPipe_Landmarks\Normalized_Landmarks\81. Second_MVI_9216.npz,65,D:\Colonel\final_year_project\02_INCLUDE_Dataset_Optimized\81. Second\MVI_9216.MP4
SIGN_0190_81. Second_MVI_9211,SIGN_0190,189,second,D:\Colonel\final_year_project\03_MediaPipe_Landmarks\Normalized_Landmarks\81. Second_MVI_9211.npz,75,D:\Colonel\final_year_project\02_INCLUDE_Dataset_Optimized\81. Second\MVI_9211.MP4
SIGN_0190_81. Second_MVI_9187,SIGN_0190,189,second,D:\Colonel\final_year_project\03_MediaPipe_Landmarks\Normalized_Landmarks\81. Second_MVI_9187.npz,81,D:\Colonel\final_year_project\02_INCLUDE_Dataset_Optimized\81. Second\MVI_9187.MP4
SIGN_0191_90. Secretary_MVI_8886,SIGN_0191,190,secretary,D:\Colonel\final_year_project\03_MediaPipe_Landmarks\Normalized_Landmarks\90. Secretary_MVI_8886.npz,63,D:\Colonel\final_year_project\02_INCLUDE_Dataset_Optimized\90. Secretary\MVI_8886.MP4
SIGN_0191_90. Secretary_MVI_4767,SIGN_0191,190,secretary,D:\Colonel\final_year_project\03_MediaPipe_Landmarks\Normalized_Landmarks\90. Secretary_MVI_4767.npz,78,D:\Colonel\final_year_project\02_INCLUDE_Dataset_Optimized\90. Secretary\MVI_4767.MOV
SIGN_0191_90. Secretary_MVI_4482,SIGN_0191,190,secretary,D:\Colonel\final_year_project\03_MediaPipe_Landmarks\Normalized_Landmarks\90. Secretary_MVI_4482.npz,69,D:\Colonel\final_year_project\02_INCLUDE_Dataset_Optimized\90. Secretary\MVI_4482.MOV
SIGN_0192_28. shallow_MVI_9674,SIGN_0192,191,shallow,D:\Colonel\final_year_project\03_MediaPipe_Landmarks\Normalized_Landmarks\28. shallow_MVI_9674.npz,93,D:\Colonel\final_year_project\02_INCLUDE_Dataset_Optimized\28. shallow\MVI_9674.MOV
SIGN_0192_28. shallow_MVI_9804,SIGN_0192,191,shallow,D:\Colonel\final_year_project\03_MediaPipe_Landmarks\Normalized_Landmarks\28. shallow_MVI_9804.npz,99,D:\Colonel\final_year_project\02_INCLUDE_Dataset_Optimized\28. shallow\MVI_9804.MOV
SIGN_0192_28. shallow_MVI_9676,SIGN_0192,191,shallow,D:\Colonel\final_year_project\03_MediaPipe_Landmarks\Normalized_Landmarks\28. shallow_MVI_9676.npz,108,D:\Colonel\final_year_project\02_INCLUDE_Dataset_Optimized\28. shallow\MVI_9676.MOV
SIGN_0193_43. she_MVI_0009,SIGN_0193,192,she,D:\Colonel\final_year_project\03_MediaPipe_Landmarks\Normalized_Landmarks\43. she_MVI_0009.npz,74,D:\Colonel\final_year_project\02_INCLUDE_Dataset_Optimized\43. she\MVI_0009.MOV
SIGN_0193_43. she_MVI_9968,SIGN_0193,192,she,D:\Colonel\final_year_project\03_MediaPipe_Landmarks\Normalized_Landmarks\43. she_MVI_9968.npz,54,D:\Colonel\final_year_project\02_INCLUDE_Dataset_Optimized\43. she\MVI_9968.MOV
SIGN_0193_43. she_MVI_0073,SIGN_0193,192,she,D:\Colonel\final_year_project\03_MediaPipe_Landmarks\Normalized_Landmarks\43. she_MVI_0073.npz,74,D:\Colonel\final_year_project\02_INCLUDE_Dataset_Optimized\43. she\MVI_0073.MOV
SIGN_0194_41. Shirt_MVI_5018,SIGN_0194,193,shirt,D:\Colonel\final_year_project\03_MediaPipe_Landmarks\Normalized_Landmarks\41. Shirt_MVI_5018.npz,71,D:\Colonel\final_year_project\02_INCLUDE_Dataset_Optimized\41. Shirt\MVI_5018.MOV
SIGN_0194_41. Shirt_MVI_8605,SIGN_0194,193,shirt,D:\Colonel\final_year_project\03_MediaPipe_Landmarks\Normalized_Landmarks\41. Shirt_MVI_8605.npz,86,D:\Colonel\final_year_project\02_INCLUDE_Dataset_Optimized\41. Shirt\MVI_8605.MP4
SIGN_0194_41. Shirt_MVI_3999,SIGN_0194,193,shirt,D:\Colonel\final_year_project\03_MediaPipe_Landmarks\Normalized_Landmarks\41. Shirt_MVI_3999.npz,73,D:\Colonel\final_year_project\02_INCLUDE_Dataset_Optimized\41. Shirt\MVI_3999.MOV
SIGN_0195_44. Shoes_MVI_5028,SIGN_0195,194,shoes,D:\Colonel\final_year_project\03_MediaPipe_Landmarks\Normalized_Landmarks\44. Shoes_MVI_5028.npz,64,D:\Colonel\final_year_project\02_INCLUDE_Dataset_Optimized\44. Shoes\MVI_5028.MOV
SIGN_0195_44. Shoes_MVI_8608,SIGN_0195,194,shoes,D:\Colonel\final_year_project\03_MediaPipe_Landmarks\Normalized_Landmarks\44. Shoes_MVI_8608.npz,62,D:\Colonel\final_year_project\02_INCLUDE_Dataset_Optimized\44. Shoes\MVI_8608.MP4
SIGN_0195_44. Shoes_MVI_4008,SIGN_0195,194,shoes,D:\Colonel\final_year_project\03_MediaPipe_Landmarks\Normalized_Landmarks\44. Shoes_MVI_4008.npz,76,D:\Colonel\final_year_project\02_INCLUDE_Dataset_Optimized\44. Shoes\MVI_4008.MOV
SIGN_0196_79. short_MVI_5270,SIGN_0196,195,short,D:\Colonel\final_year_project\03_MediaPipe_Landmarks\Normalized_Landmarks\79. short_MVI_5270.npz,51,D:\Colonel\final_year_project\02_INCLUDE_Dataset_Optimized\79. short\MVI_5270.MOV
SIGN_0196_79. short_MVI_9463,SIGN_0196,195,short,D:\Colonel\final_year_project\03_MediaPipe_Landmarks\Normalized_Landmarks\79. short_MVI_9463.npz,56,D:\Colonel\final_year_project\02_INCLUDE_Dataset_Optimized\79. short\MVI_9463.MOV
SIGN_0196_79. short_MVI_9302,SIGN_0196,195,short,D:\Colonel\final_year_project\03_MediaPipe_Landmarks\Normalized_Landmarks\79. short_MVI_9302.npz,44,D:\Colonel\final_year_project\02_INCLUDE_Dataset_Optimized\79. short\MVI_9302.MOV
SIGN_0197_98. sick_MVI_5330,SIGN_0197,196,sick,D:\Colonel\final_year_project\03_MediaPipe_Landmarks\Normalized_Landmarks\98. sick_MVI_5330.npz,51,D:\Colonel\final_year_project\02_INCLUDE_Dataset_Optimized\98. sick\MVI_5330.MOV
SIGN_0197_98. sick_MVI_9363,SIGN_0197,196,sick,D:\Colonel\final_year_project\03_MediaPipe_Landmarks\Normalized_Landmarks\98. sick_MVI_9363.npz,44,D:\Colonel\final_year_project\02_INCLUDE_Dataset_Optimized\98. sick\MVI_9363.MOV
SIGN_0197_98. sick_MVI_9529,SIGN_0197,196,sick,D:\Colonel\final_year_project\03_MediaPipe_Landmarks\Normalized_Landmarks\98. sick_MVI_9529.npz,64,D:\Colonel\final_year_project\02_INCLUDE_Dataset_Optimized\98. sick\MVI_9529.MOV
SIGN_0198_21. Sign_MVI_4860,SIGN_0198,197,sign,D:\Colonel\final_year_project\03_MediaPipe_Landmarks\Normalized_Landmarks\21. Sign_MVI_4860.npz,45,F:\Final_Year_Project\02_INCLUDE_Dataset_Optimized\21. Sign\MVI_4860.MOV
SIGN_0198_21. Sign_MVI_8991,SIGN_0198,197,sign,D:\Colonel\final_year_project\03_MediaPipe_Landmarks\Normalized_Landmarks\21. Sign_MVI_8991.npz,65,F:\Final_Year_Project\02_INCLUDE_Dataset_Optimized\21. Sign\MVI_8991.MP4
SIGN_0198_21. Sign_MVI_8740,SIGN_0198,197,sign,D:\Colonel\final_year_project\03_MediaPipe_Landmarks\Normalized_Landmarks\21. Sign_MVI_8740.npz,67,F:\Final_Year_Project\02_INCLUDE_Dataset_Optimized\21. Sign\MVI_8740.MP4
SIGN_0199_67. Sister_MVI_5098,SIGN_0199,198,sister,D:\Colonel\final_year_project\03_MediaPipe_Landmarks\Normalized_Landmarks\67. Sister_MVI_5098.npz,59,D:\Colonel\final_year_project\02_INCLUDE_Dataset_Optimized\67. Sister\MVI_5098.MOV
SIGN_0199_67. Sister_MVI_8632,SIGN_0199,198,sister,D:\Colonel\final_year_project\03_MediaPipe_Landmarks\Normalized_Landmarks\67. Sister_MVI_8632.npz,63,D:\Colonel\final_year_project\02_INCLUDE_Dataset_Optimized\67. Sister\MVI_8632.MP4
SIGN_0199_67. Sister_MVI_3782,SIGN_0199,198,sister,D:\Colonel\final_year_project\03_MediaPipe_Landmarks\Normalized_Landmarks\67. Sister_MVI_3782.npz,55,D:\Colonel\final_year_project\02_INCLUDE_Dataset_Optimized\67. Sister\MVI_3782.MOV
SIGN_0200_40. Skirt_MVI_3997,SIGN_0200,199,skirt,D:\Colonel\final_year_project\03_MediaPipe_Landmarks\Normalized_Landmarks\40. Skirt_MVI_3997.npz,66,D:\Colonel\final_year_project\02_INCLUDE_Dataset_Optimized\40. Skirt\MVI_3997.MOV
SIGN_0200_40. Skirt_MVI_8604,SIGN_0200,199,skirt,D:\Colonel\final_year_project\03_MediaPipe_Landmarks\Normalized_Landmarks\40. Skirt_MVI_8604.npz,70,D:\Colonel\final_year_project\02_INCLUDE_Dataset_Optimized\40. Skirt\MVI_8604.MP4
SIGN_0200_40. Skirt_MVI_5015,SIGN_0200,199,skirt,D:\Colonel\final_year_project\03_MediaPipe_Landmarks\Normalized_Landmarks\40. Skirt_MVI_5015.npz,66,D:\Colonel\final_year_project\02_INCLUDE_Dataset_Optimized\40. Skirt\MVI_5015.MOV
SIGN_0201_85. slow_MVI_5130,SIGN_0201,200,slow,D:\Colonel\final_year_project\03_MediaPipe_Landmarks\Normalized_Landmarks\85. slow_MVI_5130.npz,67,D:\Colonel\final_year_project\02_INCLUDE_Dataset_Optimized\85. slow\MVI_5130.MOV
SIGN_0201_85. slow_MVI_5290,SIGN_0201,200,slow,D:\Colonel\final_year_project\03_MediaPipe_Landmarks\Normalized_Landmarks\85. slow_MVI_5290.npz,52,D:\Colonel\final_year_project\02_INCLUDE_Dataset_Optimized\85. slow\MVI_5290.MOV
SIGN_0201_85. slow_MVI_9323,SIGN_0201,200,slow,D:\Colonel\final_year_project\03_MediaPipe_Landmarks\Normalized_Landmarks\85. slow_MVI_9323.npz,57,D:\Colonel\final_year_project\02_INCLUDE_Dataset_Optimized\85. slow\MVI_9323.MOV
SIGN_0202_84. small little_MVI_5287,SIGN_0202,201,small little,D:\Colonel\final_year_project\03_MediaPipe_Landmarks\Normalized_Landmarks\84. small little_MVI_5287.npz,54,D:\Colonel\final_year_project\02_INCLUDE_Dataset_Optimized\84. small little\MVI_5287.MOV
SIGN_0202_84. small little_MVI_9480,SIGN_0202,201,small little,D:\Colonel\final_year_project\03_MediaPipe_Landmarks\Normalized_Landmarks\84. small little_MVI_9480.npz,55,D:\Colonel\final_year_project\02_INCLUDE_Dataset_Optimized\84. small little\MVI_9480.MOV
SIGN_0202_84. small little_MVI_5126,SIGN_0202,201,small little,D:\Colonel\final_year_project\03_MediaPipe_Landmarks\Normalized_Landmarks\84. small little_MVI_5126.npz,83,D:\Colonel\final_year_project\02_INCLUDE_Dataset_Optimized\84. small little\MVI_5126.MOV
SIGN_0203_36. Soap_MVI_8802,SIGN_0203,202,soap,D:\Colonel\final_year_project\03_MediaPipe_Landmarks\Normalized_Landmarks\36. Soap_MVI_8802.npz,61,D:\Colonel\final_year_project\02_INCLUDE_Dataset_Optimized\36. Soap\MVI_8802.MP4
SIGN_0203_36. Soap_MVI_4395,SIGN_0203,202,soap,D:\Colonel\final_year_project\03_MediaPipe_Landmarks\Normalized_Landmarks\36. Soap_MVI_4395.npz,51,D:\Colonel\final_year_project\02_INCLUDE_Dataset_Optimized\36. Soap\MVI_4395.MOV
SIGN_0203_36. Soap_MVI_9040,SIGN_0203,202,soap,D:\Colonel\final_year_project\03_MediaPipe_Landmarks\Normalized_Landmarks\36. Soap_MVI_9040.npz,73,D:\Colonel\final_year_project\02_INCLUDE_Dataset_Optimized\36. Soap\MVI_9040.MP4
SIGN_0204_25. soft_MVI_9792,SIGN_0204,203,soft,D:\Colonel\final_year_project\03_MediaPipe_Landmarks\Normalized_Landmarks\25. soft_MVI_9792.npz,58,D:\Colonel\final_year_project\02_INCLUDE_Dataset_Optimized\25. soft\MVI_9792.MOV
SIGN_0204_25. soft_MVI_9790,SIGN_0204,203,soft,D:\Colonel\final_year_project\03_MediaPipe_Landmarks\Normalized_Landmarks\25. soft_MVI_9790.npz,61,F:\Final_Year_Project\02_INCLUDE_Dataset_Optimized\25. soft\MVI_9790.MOV
SIGN_0204_25. soft_MVI_9664,SIGN_0204,203,soft,D:\Colonel\final_year_project\03_MediaPipe_Landmarks\Normalized_Landmarks\25. soft_MVI_9664.npz,68,F:\Final_Year_Project\02_INCLUDE_Dataset_Optimized\25. soft\MVI_9664.MOV
SIGN_0205_93. Soldier_MVI_4776,SIGN_0205,204,soldier,D:\Colonel\final_year_project\03_MediaPipe_Landmarks\Normalized_Landmarks\93. Soldier_MVI_4776.npz,58,D:\Colonel\final_year_project\02_INCLUDE_Dataset_Optimized\93. Soldier\MVI_4776.MOV
SIGN_0205_93. Soldier_MVI_4495,SIGN_0205,204,soldier,D:\Colonel\final_year_project\03_MediaPipe_Landmarks\Normalized_Landmarks\93. Soldier_MVI_4495.npz,68,D:\Colonel\final_year_project\02_INCLUDE_Dataset_Optimized\93. Soldier\MVI_4495.MOV
SIGN_0205_93. Soldier_MVI_5352,SIGN_0205,204,soldier,D:\Colonel\final_year_project\03_MediaPipe_Landmarks\Normalized_Landmarks\93. Soldier_MVI_5352.npz,76,D:\Colonel\final_year_project\02_INCLUDE_Dataset_Optimized\93. Soldier\MVI_5352.MOV
SIGN_0206_58. Son_MVI_4051,SIGN_0206,205,son,D:\Colonel\final_year_project\03_MediaPipe_Landmarks\Normalized_Landmarks\58. Son_MVI_4051.npz,55,D:\Colonel\final_year_project\02_INCLUDE_Dataset_Optimized\58. Son\MVI_4051.MOV
SIGN_0206_58. Son_MVI_8623,SIGN_0206,205,son,D:\Colonel\final_year_project\03_MediaPipe_Landmarks\Normalized_Landmarks\58. Son_MVI_8623.npz,70,D:\Colonel\final_year_project\02_INCLUDE_Dataset_Optimized\58. Son\MVI_8623.MP4
SIGN_0206_58. Son_MVI_5071,SIGN_0206,205,son,D:\Colonel\final_year_project\03_MediaPipe_Landmarks\Normalized_Landmarks\58. Son_MVI_5071.npz,59,D:\Colonel\final_year_project\02_INCLUDE_Dataset_Optimized\58. Son\MVI_5071.MOV
SIGN_0207_17. Sport_MVI_8978,SIGN_0207,206,sport,D:\Colonel\final_year_project\03_MediaPipe_Landmarks\Normalized_Landmarks\17. Sport_MVI_8978.npz,71,F:\Final_Year_Project\02_INCLUDE_Dataset_Optimized\17. Sport\MVI_8978.MP4
SIGN_0207_17. Sport_MVI_4848,SIGN_0207,206,sport,D:\Colonel\final_year_project\03_MediaPipe_Landmarks\Normalized_Landmarks\17. Sport_MVI_4848.npz,65,F:\Final_Year_Project\02_INCLUDE_Dataset_Optimized\17. Sport\MVI_4848.MOV
SIGN_0207_17. Sport_MVI_8724,SIGN_0207,206,sport,D:\Colonel\final_year_project\03_MediaPipe_Landmarks\Normalized_Landmarks\17. Sport_MVI_8724.npz,77,F:\Final_Year_Project\02_INCLUDE_Dataset_Optimized\17. Sport\MVI_8724.MP4
SIGN_0208_62. Spring_MVI_4993,SIGN_0208,207,spring,D:\Colonel\final_year_project\03_MediaPipe_Landmarks\Normalized_Landmarks\62. Spring_MVI_4993.npz,71,D:\Colonel\final_year_project\02_INCLUDE_Dataset_Optimized\62. Spring\MVI_4993.MOV
SIGN_0208_62. Spring_MVI_9127,SIGN_0208,207,spring,D:\Colonel\final_year_project\03_MediaPipe_Landmarks\Normalized_Landmarks\62. Spring_MVI_9127.npz,95,D:\Colonel\final_year_project\02_INCLUDE_Dataset_Optimized\62. Spring\MVI_9127.MP4
SIGN_0208_62. Spring_MVI_5427,SIGN_0208,207,spring,D:\Colonel\final_year_project\03_MediaPipe_Landmarks\Normalized_Landmarks\62. Spring_MVI_5427.npz,87,D:\Colonel\final_year_project\02_INCLUDE_Dataset_Optimized\62. Spring\MVI_5427.MOV
SIGN_0209_28. Store or Shop_MVI_3307,SIGN_0209,208,store or shop,D:\Colonel\final_year_project\03_MediaPipe_Landmarks\Normalized_Landmarks\28. Store or Shop_MVI_3307.npz,59,D:\Colonel\final_year_project\02_INCLUDE_Dataset_Optimized\28. Store or Shop\MVI_3307.MOV
SIGN_0209_28. Store or Shop_MVI_3386,SIGN_0209,208,store or shop,D:\Colonel\final_year_project\03_MediaPipe_Landmarks\Normalized_Landmarks\28. Store or Shop_MVI_3386.npz,59,D:\Colonel\final_year_project\02_INCLUDE_Dataset_Optimized\28. Store or Shop\MVI_3386.MOV
SIGN_0209_28. Store or Shop_MVI_3635,SIGN_0209,208,store or shop,D:\Colonel\final_year_project\03_MediaPipe_Landmarks\Normalized_Landmarks\28. Store or Shop_MVI_3635.npz,52,D:\Colonel\final_year_project\02_INCLUDE_Dataset_Optimized\28. Store or Shop\MVI_3635.MOV
SIGN_0210_20. Street or Road_MVI_3600,SIGN_0210,209,street or road,D:\Colonel\final_year_project\03_MediaPipe_Landmarks\Normalized_Landmarks\20. Street or Road_MVI_3600.npz,50,F:\Final_Year_Project\02_INCLUDE_Dataset_Optimized\20. Street or Road\MVI_3600.MOV
SIGN_0210_20. Street or Road_MVI_3355,SIGN_0210,209,street or road,D:\Colonel\final_year_project\03_MediaPipe_Landmarks\Normalized_Landmarks\20. Street or Road_MVI_3355.npz,58,F:\Final_Year_Project\02_INCLUDE_Dataset_Optimized\20. Street or Road\MVI_3355.MOV
SIGN_0210_20. Street or Road_MVI_3271,SIGN_0210,209,street or road,D:\Colonel\final_year_project\03_MediaPipe_Landmarks\Normalized_Landmarks\20. Street or Road_MVI_3271.npz,60,F:\Final_Year_Project\02_INCLUDE_Dataset_Optimized\20. Street or Road\MVI_3271.MOV
SIGN_0211_31. strong_MVI_9817,SIGN_0211,210,strong,D:\Colonel\final_year_project\03_MediaPipe_Landmarks\Normalized_Landmarks\31. strong_MVI_9817.npz,48,D:\Colonel\final_year_project\02_INCLUDE_Dataset_Optimized\31. strong\MVI_9817.MOV
SIGN_0211_31. strong_MVI_9815,SIGN_0211,210,strong,D:\Colonel\final_year_project\03_MediaPipe_Landmarks\Normalized_Landmarks\31. strong_MVI_9815.npz,57,D:\Colonel\final_year_project\02_INCLUDE_Dataset_Optimized\31. strong\MVI_9815.MOV
SIGN_0211_31. strong_MVI_9692,SIGN_0211,210,strong,D:\Colonel\final_year_project\03_MediaPipe_Landmarks\Normalized_Landmarks\31. strong_MVI_9692.npz,60,D:\Colonel\final_year_project\02_INCLUDE_Dataset_Optimized\31. strong\MVI_9692.MOV
SIGN_0212_85. Student_MVI_8870,SIGN_0212,211,student,D:\Colonel\final_year_project\03_MediaPipe_Landmarks\Normalized_Landmarks\85. Student_MVI_8870.npz,68,D:\Colonel\final_year_project\02_INCLUDE_Dataset_Optimized\85. Student\MVI_8870.MP4
SIGN_0212_85. Student_MVI_5316,SIGN_0212,211,student,D:\Colonel\final_year_project\03_MediaPipe_Landmarks\Normalized_Landmarks\85. Student_MVI_5316.npz,60,D:\Colonel\final_year_project\02_INCLUDE_Dataset_Optimized\85. Student\MVI_5316.MOV
SIGN_0212_85. Student_MVI_4747,SIGN_0212,211,student,D:\Colonel\final_year_project\03_MediaPipe_Landmarks\Normalized_Landmarks\85. Student_MVI_4747.npz,69,D:\Colonel\final_year_project\02_INCLUDE_Dataset_Optimized\85. Student\MVI_4747.MOV
SIGN_0213_39. Suit_MVI_3991,SIGN_0213,212,suit,D:\Colonel\final_year_project\03_MediaPipe_Landmarks\Normalized_Landmarks\39. Suit_MVI_3991.npz,84,D:\Colonel\final_year_project\02_INCLUDE_Dataset_Optimized\39. Suit\MVI_3991.MOV
SIGN_0213_39. Suit_MVI_3697,SIGN_0213,212,suit,D:\Colonel\final_year_project\03_MediaPipe_Landmarks\Normalized_Landmarks\39. Suit_MVI_3697.npz,70,D:\Colonel\final_year_project\02_INCLUDE_Dataset_Optimized\39. Suit\MVI_3697.MOV
SIGN_0213_39. Suit_MVI_5012,SIGN_0213,212,suit,D:\Colonel\final_year_project\03_MediaPipe_Landmarks\Normalized_Landmarks\39. Suit_MVI_5012.npz,58,D:\Colonel\final_year_project\02_INCLUDE_Dataset_Optimized\39. Suit\MVI_5012.MOV
SIGN_0214_61. Summer_MVI_5422,SIGN_0214,213,summer,D:\Colonel\final_year_project\03_MediaPipe_Landmarks\Normalized_Landmarks\61. Summer_MVI_5422.npz,58,D:\Colonel\final_year_project\02_INCLUDE_Dataset_Optimized\61. Summer\MVI_5422.MOV
SIGN_0214_61. Summer_MVI_4990,SIGN_0214,213,summer,D:\Colonel\final_year_project\03_MediaPipe_Landmarks\Normalized_Landmarks\61. Summer_MVI_4990.npz,63,D:\Colonel\final_year_project\02_INCLUDE_Dataset_Optimized\61. Summer\MVI_4990.MOV
SIGN_0214_61. Summer_MVI_4565,SIGN_0214,213,summer,D:\Colonel\final_year_project\03_MediaPipe_Landmarks\Normalized_Landmarks\61. Summer_MVI_4565.npz,78,D:\Colonel\final_year_project\02_INCLUDE_Dataset_Optimized\61. Summer\MVI_4565.MOV
SIGN_0215_66. Sunday_MVI_4586,SIGN_0215,214,sunday,D:\Colonel\final_year_project\03_MediaPipe_Landmarks\Normalized_Landmarks\66. Sunday_MVI_4586.npz,71,D:\Colonel\final_year_project\02_INCLUDE_Dataset_Optimized\66. Sunday\MVI_4586.MOV
SIGN_0215_66. Sunday_MVI_5444,SIGN_0215,214,sunday,D:\Colonel\final_year_project\03_MediaPipe_Landmarks\Normalized_Landmarks\66. Sunday_MVI_5444.npz,61,D:\Colonel\final_year_project\02_INCLUDE_Dataset_Optimized\66. Sunday\MVI_5444.MOV
SIGN_0215_66. Sunday_MVI_5005,SIGN_0215,214,sunday,D:\Colonel\final_year_project\03_MediaPipe_Landmarks\Normalized_Landmarks\66. Sunday_MVI_5005.npz,52,D:\Colonel\final_year_project\02_INCLUDE_Dataset_Optimized\66. Sunday\MVI_5005.MOV
SIGN_0216_42. T-Shirt_MVI_8606,SIGN_0216,215,t-shirt,D:\Colonel\final_year_project\03_MediaPipe_Landmarks\Normalized_Landmarks\42. T-Shirt_MVI_8606.npz,76,D:\Colonel\final_year_project\02_INCLUDE_Dataset_Optimized\42. T-Shirt\MVI_8606.MP4
SIGN_0216_42. T-Shirt_MVI_3704,SIGN_0216,215,t-shirt,D:\Colonel\final_year_project\03_MediaPipe_Landmarks\Normalized_Landmarks\42. T-Shirt_MVI_3704.npz,84,D:\Colonel\final_year_project\02_INCLUDE_Dataset_Optimized\42. T-Shirt\MVI_3704.MOV
SIGN_0216_42. T-Shirt_MVI_4002,SIGN_0216,215,t-shirt,D:\Colonel\final_year_project\03_MediaPipe_Landmarks\Normalized_Landmarks\42. T-Shirt_MVI_4002.npz,92,D:\Colonel\final_year_project\02_INCLUDE_Dataset_Optimized\42. T-Shirt\MVI_4002.MOV
SIGN_0217_24. Table_MVI_9003,SIGN_0217,216,table,D:\Colonel\final_year_project\03_MediaPipe_Landmarks\Normalized_Landmarks\24. Table_MVI_9003.npz,64,D:\Colonel\final_year_project\02_INCLUDE_Dataset_Optimized\24. Table\MVI_9003.MP4
SIGN_0217_24. Table_MVI_8752,SIGN_0217,216,table,D:\Colonel\final_year_project\03_MediaPipe_Landmarks\Normalized_Landmarks\24. Table_MVI_8752.npz,64,D:\Colonel\final_year_project\02_INCLUDE_Dataset_Optimized\24. Table\MVI_8752.MP4
SIGN_0217_24. Table_MVI_4869,SIGN_0217,216,table,D:\Colonel\final_year_project\03_MediaPipe_Landmarks\Normalized_Landmarks\24. Table_MVI_4869.npz,47,D:\Colonel\final_year_project\02_INCLUDE_Dataset_Optimized\24. Table\MVI_4869.MOV
SIGN_0218_80. tall_MVI_5114,SIGN_0218,217,tall,D:\Colonel\final_year_project\03_MediaPipe_Landmarks\Normalized_Landmarks\80. tall_MVI_5114.npz,64,D:\Colonel\final_year_project\02_INCLUDE_Dataset_Optimized\80. tall\MVI_5114.MOV
SIGN_0218_80. tall_MVI_9308,SIGN_0218,217,tall,D:\Colonel\final_year_project\03_MediaPipe_Landmarks\Normalized_Landmarks\80. tall_MVI_9308.npz,50,D:\Colonel\final_year_project\02_INCLUDE_Dataset_Optimized\80. tall\MVI_9308.MOV
SIGN_0218_80. tall_MVI_9466,SIGN_0218,217,tall,D:\Colonel\final_year_project\03_MediaPipe_Landmarks\Normalized_Landmarks\80. tall_MVI_9466.npz,50,D:\Colonel\final_year_project\02_INCLUDE_Dataset_Optimized\80. tall\MVI_9466.MOV
SIGN_0219_84. Teacher_MVI_8866,SIGN_0219,218,teacher,D:\Colonel\final_year_project\03_MediaPipe_Landmarks\Normalized_Landmarks\84. Teacher_MVI_8866.npz,61,D:\Colonel\final_year_project\02_INCLUDE_Dataset_Optimized\84. Teacher\MVI_8866.MP4
SIGN_0219_84. Teacher_MVI_4744,SIGN_0219,218,teacher,D:\Colonel\final_year_project\03_MediaPipe_Landmarks\Normalized_Landmarks\84. Teacher_MVI_4744.npz,53,D:\Colonel\final_year_project\02_INCLUDE_Dataset_Optimized\84. Teacher\MVI_4744.MOV
SIGN_0219_84. Teacher_MVI_4457,SIGN_0219,218,teacher,D:\Colonel\final_year_project\03_MediaPipe_Landmarks\Normalized_Landmarks\84. Teacher_MVI_4457.npz,67,D:\Colonel\final_year_project\02_INCLUDE_Dataset_Optimized\84. Teacher\MVI_4457.MOV
SIGN_0220_7. Team_MVI_8947,SIGN_0220,219,team,D:\Colonel\final_year_project\03_MediaPipe_Landmarks\Normalized_Landmarks\7. Team_MVI_8947.npz,62,D:\Colonel\final_year_project\02_INCLUDE_Dataset_Optimized\7. Team\MVI_8947.MP4
SIGN_0220_7. Team_MVI_4818,SIGN_0220,219,team,D:\Colonel\final_year_project\03_MediaPipe_Landmarks\Normalized_Landmarks\7. Team_MVI_4818.npz,57,D:\Colonel\final_year_project\02_INCLUDE_Dataset_Optimized\7. Team\MVI_4818.MOV
SIGN_0220_7. Team_MVI_4275,SIGN_0220,219,team,D:\Colonel\final_year_project\03_MediaPipe_Landmarks\Normalized_Landmarks\7. Team_MVI_4275.npz,57,D:\Colonel\final_year_project\02_INCLUDE_Dataset_Optimized\7. Team\MVI_4275.MOV
SIGN_0221_9. Technology_MVI_4283,SIGN_0221,220,technology,D:\Colonel\final_year_project\03_MediaPipe_Landmarks\Normalized_Landmarks\9. Technology_MVI_4283.npz,51,D:\Colonel\final_year_project\02_INCLUDE_Dataset_Optimized\9. Technology\MVI_4283.MOV
SIGN_0221_9. Technology_MVI_8691,SIGN_0221,220,technology,D:\Colonel\final_year_project\03_MediaPipe_Landmarks\Normalized_Landmarks\9. Technology_MVI_8691.npz,62,D:\Colonel\final_year_project\02_INCLUDE_Dataset_Optimized\9. Technology\MVI_8691.MP4
SIGN_0221_9. Technology_MVI_8953,SIGN_0221,220,technology,D:\Colonel\final_year_project\03_MediaPipe_Landmarks\Normalized_Landmarks\9. Technology_MVI_8953.npz,73,D:\Colonel\final_year_project\02_INCLUDE_Dataset_Optimized\9. Technology\MVI_8953.MP4
SIGN_0222_44. Telephone_MVI_4428,SIGN_0222,221,telephone,D:\Colonel\final_year_project\03_MediaPipe_Landmarks\Normalized_Landmarks\44. Telephone_MVI_4428.npz,41,D:\Colonel\final_year_project\02_INCLUDE_Dataset_Optimized\44. Telephone\MVI_4428.MOV
SIGN_0222_44. Telephone_MVI_9072,SIGN_0222,221,telephone,D:\Colonel\final_year_project\03_MediaPipe_Landmarks\Normalized_Landmarks\44. Telephone_MVI_9072.npz,63,D:\Colonel\final_year_project\02_INCLUDE_Dataset_Optimized\44. Telephone\MVI_9072.MP4
SIGN_0222_44. Telephone_MVI_4938,SIGN_0222,221,telephone,D:\Colonel\final_year_project\03_MediaPipe_Landmarks\Normalized_Landmarks\44. Telephone_MVI_4938.npz,59,D:\Colonel\final_year_project\02_INCLUDE_Dataset_Optimized\44. Telephone\MVI_4938.MOV
SIGN_0223_59. Television_MVI_4982,SIGN_0223,222,television,D:\Colonel\final_year_project\03_MediaPipe_Landmarks\Normalized_Landmarks\59. Television_MVI_4982.npz,52,D:\Colonel\final_year_project\02_INCLUDE_Dataset_Optimized\59. Television\MVI_4982.MOV
SIGN_0223_59. Television_MVI_9118,SIGN_0223,222,television,D:\Colonel\final_year_project\03_MediaPipe_Landmarks\Normalized_Landmarks\59. Television_MVI_9118.npz,59,D:\Colonel\final_year_project\02_INCLUDE_Dataset_Optimized\59. Television\MVI_9118.MP4
SIGN_0223_59. Television_MVI_5414,SIGN_0223,222,television,D:\Colonel\final_year_project\03_MediaPipe_Landmarks\Normalized_Landmarks\59. Television_MVI_5414.npz,54,D:\Colonel\final_year_project\02_INCLUDE_Dataset_Optimized\59. Television\MVI_5414.MOV
SIGN_0224_31. Temple_MVI_3565,SIGN_0224,223,temple,D:\Colonel\final_year_project\03_MediaPipe_Landmarks\Normalized_Landmarks\31. Temple_MVI_3565.npz,75,D:\Colonel\final_year_project\02_INCLUDE_Dataset_Optimized\31. Temple\MVI_3565.MOV
SIGN_0224_31. Temple_MVI_3403,SIGN_0224,223,temple,D:\Colonel\final_year_project\03_MediaPipe_Landmarks\Normalized_Landmarks\31. Temple_MVI_3403.npz,62,D:\Colonel\final_year_project\02_INCLUDE_Dataset_Optimized\31. Temple\MVI_3403.MOV
SIGN_0224_31. Temple_MVI_3645,SIGN_0224,223,temple,D:\Colonel\final_year_project\03_MediaPipe_Landmarks\Normalized_Landmarks\31. Temple_MVI_3645.npz,75,D:\Colonel\final_year_project\02_INCLUDE_Dataset_Optimized\31. Temple\MVI_3645.MOV
SIGN_0225_55. Thank you_MVI_0061,SIGN_0225,224,thank you,D:\Colonel\final_year_project\03_MediaPipe_Landmarks\Normalized_Landmarks\55. Thank you_MVI_0061.npz,82,D:\Colonel\final_year_project\02_INCLUDE_Dataset_Optimized\55. Thank you\MVI_0061.MOV
SIGN_0225_55. Thank you_MVI_0006,SIGN_0225,224,thank you,D:\Colonel\final_year_project\03_MediaPipe_Landmarks\Normalized_Landmarks\55. Thank you_MVI_0006.npz,53,D:\Colonel\final_year_project\02_INCLUDE_Dataset_Optimized\55. Thank you\MVI_0006.MOV
SIGN_0225_55. Thank you_MVI_9948,SIGN_0225,224,thank you,D:\Colonel\final_year_project\03_MediaPipe_Landmarks\Normalized_Landmarks\55. Thank you_MVI_9948.npz,53,D:\Colonel\final_year_project\02_INCLUDE_Dataset_Optimized\55. Thank you\MVI_9948.MOV
SIGN_0226_47. they_MVI_0025,SIGN_0226,225,they,D:\Colonel\final_year_project\03_MediaPipe_Landmarks\Normalized_Landmarks\47. they_MVI_0025.npz,76,D:\Colonel\final_year_project\02_INCLUDE_Dataset_Optimized\47. they\MVI_0025.MOV
SIGN_0226_47. they_MVI_0085,SIGN_0226,225,they,D:\Colonel\final_year_project\03_MediaPipe_Landmarks\Normalized_Landmarks\47. they_MVI_0085.npz,68,D:\Colonel\final_year_project\02_INCLUDE_Dataset_Optimized\47. they\MVI_0085.MOV
SIGN_0226_47. they_MVI_9913,SIGN_0226,225,they,D:\Colonel\final_year_project\03_MediaPipe_Landmarks\Normalized_Landmarks\47. they_MVI_9913.npz,61,D:\Colonel\final_year_project\02_INCLUDE_Dataset_Optimized\47. they\MVI_9913.MOV
SIGN_0227_13. thick_MVI_9607,SIGN_0227,226,thick,D:\Colonel\final_year_project\03_MediaPipe_Landmarks\Normalized_Landmarks\13. thick_MVI_9607.npz,72,F:\Final_Year_Project\02_INCLUDE_Dataset_Optimized\13. thick\MVI_9607.MOV
SIGN_0227_13. thick_MVI_9743,SIGN_0227,226,thick,D:\Colonel\final_year_project\03_MediaPipe_Landmarks\Normalized_Landmarks\13. thick_MVI_9743.npz,82,F:\Final_Year_Project\02_INCLUDE_Dataset_Optimized\13. thick\MVI_9743.MOV
SIGN_0227_13. thick_MVI_9605,SIGN_0227,226,thick,D:\Colonel\final_year_project\03_MediaPipe_Landmarks\Normalized_Landmarks\13. thick_MVI_9605.npz,58,F:\Final_Year_Project\02_INCLUDE_Dataset_Optimized\13. thick\MVI_9605.MOV
SIGN_0228_14. thin_MVI_9612,SIGN_0228,227,thin,D:\Colonel\final_year_project\03_MediaPipe_Landmarks\Normalized_Landmarks\14. thin_MVI_9612.npz,71,F:\Final_Year_Project\02_INCLUDE_Dataset_Optimized\14. thin\MVI_9612.MOV
SIGN_0228_14. thin_MVI_9610,SIGN_0228,227,thin,D:\Colonel\final_year_project\03_MediaPipe_Landmarks\Normalized_Landmarks\14. thin_MVI_9610.npz,65,F:\Final_Year_Project\02_INCLUDE_Dataset_Optimized\14. thin\MVI_9610.MOV
SIGN_0228_14. thin_MVI_9609,SIGN_0228,227,thin,D:\Colonel\final_year_project\03_MediaPipe_Landmarks\Normalized_Landmarks\14. thin_MVI_9609.npz,62,F:\Final_Year_Project\02_INCLUDE_Dataset_Optimized\14. thin\MVI_9609.MOV
SIGN_0229_70. Thursday_MVI_4603,SIGN_0229,228,thursday,D:\Colonel\final_year_project\03_MediaPipe_Landmarks\Normalized_Landmarks\70. Thursday_MVI_4603.npz,62,D:\Colonel\final_year_project\02_INCLUDE_Dataset_Optimized\70. Thursday\MVI_4603.MOV
SIGN_0229_70. Thursday_MVI_5460,SIGN_0229,228,thursday,D:\Colonel\final_year_project\03_MediaPipe_Landmarks\Normalized_Landmarks\70. Thursday_MVI_5460.npz,48,D:\Colonel\final_year_project\02_INCLUDE_Dataset_Optimized\70. Thursday\MVI_5460.MOV
SIGN_0229_70. Thursday_MVI_9153,SIGN_0229,228,thursday,D:\Colonel\final_year_project\03_MediaPipe_Landmarks\Normalized_Landmarks\70. Thursday_MVI_9153.npz,60,D:\Colonel\final_year_project\02_INCLUDE_Dataset_Optimized\70. Thursday\MVI_9153.MP4
SIGN_0230_21. tight_MVI_9646,SIGN_0230,229,tight,D:\Colonel\final_year_project\03_MediaPipe_Landmarks\Normalized_Landmarks\21. tight_MVI_9646.npz,81,D:\Colonel\final_year_project\02_INCLUDE_Dataset_Optimized\21. tight\MVI_9646.MOV
SIGN_0230_21. tight_MVI_9648,SIGN_0230,229,tight,D:\Colonel\final_year_project\03_MediaPipe_Landmarks\Normalized_Landmarks\21. tight_MVI_9648.npz,64,D:\Colonel\final_year_project\02_INCLUDE_Dataset_Optimized\21. tight\MVI_9648.MOV
SIGN_0230_21. tight_MVI_9772,SIGN_0230,229,tight,D:\Colonel\final_year_project\03_MediaPipe_Landmarks\Normalized_Landmarks\21. tight_MVI_9772.npz,61,D:\Colonel\final_year_project\02_INCLUDE_Dataset_Optimized\21. tight\MVI_9772.MOV
SIGN_0231_86. Time_MVI_4667,SIGN_0231,230,time,D:\Colonel\final_year_project\03_MediaPipe_Landmarks\Normalized_Landmarks\86. Time_MVI_4667.npz,58,D:\Colonel\final_year_project\02_INCLUDE_Dataset_Optimized\86. Time\MVI_4667.MOV
SIGN_0231_86. Time_MVI_5078,SIGN_0231,230,time,D:\Colonel\final_year_project\03_MediaPipe_Landmarks\Normalized_Landmarks\86. Time_MVI_5078.npz,44,D:\Colonel\final_year_project\02_INCLUDE_Dataset_Optimized\86. Time\MVI_5078.MOV
SIGN_0231_86. Time_MVI_5526,SIGN_0231,230,time,D:\Colonel\final_year_project\03_MediaPipe_Landmarks\Normalized_Landmarks\86. Time_MVI_5526.npz,43,D:\Colonel\final_year_project\02_INCLUDE_Dataset_Optimized\86. Time\MVI_5526.MOV
SIGN_0232_73. Today_MVI_4615,SIGN_0232,231,today,D:\Colonel\final_year_project\03_MediaPipe_Landmarks\Normalized_Landmarks\73. Today_MVI_4615.npz,62,D:\Colonel\final_year_project\02_INCLUDE_Dataset_Optimized\73. Today\MVI_4615.MOV
SIGN_0232_73. Today_MVI_5031,SIGN_0232,231,today,D:\Colonel\final_year_project\03_MediaPipe_Landmarks\Normalized_Landmarks\73. Today_MVI_5031.npz,47,D:\Colonel\final_year_project\02_INCLUDE_Dataset_Optimized\73. Today\MVI_5031.MOV
SIGN_0232_73. Today_MVI_9162,SIGN_0232,231,today,D:\Colonel\final_year_project\03_MediaPipe_Landmarks\Normalized_Landmarks\73. Today_MVI_9162.npz,60,D:\Colonel\final_year_project\02_INCLUDE_Dataset_Optimized\73. Today\MVI_9162.MP4
SIGN_0233_74. Tomorrow_MVI_4619,SIGN_0233,232,tomorrow,D:\Colonel\final_year_project\03_MediaPipe_Landmarks\Normalized_Landmarks\74. Tomorrow_MVI_4619.npz,54,D:\Colonel\final_year_project\02_INCLUDE_Dataset_Optimized\74. Tomorrow\MVI_4619.MOV
SIGN_0233_74. Tomorrow_MVI_9165,SIGN_0233,232,tomorrow,D:\Colonel\final_year_project\03_MediaPipe_Landmarks\Normalized_Landmarks\74. Tomorrow_MVI_9165.npz,80,D:\Colonel\final_year_project\02_INCLUDE_Dataset_Optimized\74. Tomorrow\MVI_9165.MP4
SIGN_0233_74. Tomorrow_MVI_5034,SIGN_0233,232,tomorrow,D:\Colonel\final_year_project\03_MediaPipe_Landmarks\Normalized_Landmarks\74. Tomorrow_MVI_5034.npz,40,D:\Colonel\final_year_project\02_INCLUDE_Dataset_Optimized\74. Tomorrow\MVI_5034.MOV
SIGN_0234_50. Tool_MVI_9090,SIGN_0234,233,tool,D:\Colonel\final_year_project\03_MediaPipe_Landmarks\Normalized_Landmarks\50. Tool_MVI_9090.npz,72,D:\Colonel\final_year_project\02_INCLUDE_Dataset_Optimized\50. Tool\MVI_9090.MP4
SIGN_0234_50. Tool_MVI_8862,SIGN_0234,233,tool,D:\Colonel\final_year_project\03_MediaPipe_Landmarks\Normalized_Landmarks\50. Tool_MVI_8862.npz,92,D:\Colonel\final_year_project\02_INCLUDE_Dataset_Optimized\50. Tool\MVI_8862.MP4
SIGN_0234_50. Tool_MVI_4453,SIGN_0234,233,tool,D:\Colonel\final_year_project\03_MediaPipe_Landmarks\Normalized_Landmarks\50. Tool_MVI_4453.npz,64,D:\Colonel\final_year_project\02_INCLUDE_Dataset_Optimized\50. Tool\MVI_4453.MOV
SIGN_0235_9. Train_MVI_3169,SIGN_0235,234,train,D:\Colonel\final_year_project\03_MediaPipe_Landmarks\Normalized_Landmarks\9. Train_MVI_3169.npz,85,D:\Colonel\final_year_project\02_INCLUDE_Dataset_Optimized\9. Train\MVI_3169.MOV
SIGN_0235_9. Train_MVI_8580,SIGN_0235,234,train,D:\Colonel\final_year_project\03_MediaPipe_Landmarks\Normalized_Landmarks\9. Train_MVI_8580.npz,57,D:\Colonel\final_year_project\02_INCLUDE_Dataset_Optimized\9. Train\MVI_8580.MP4
SIGN_0235_9. Train_MVI_3110,SIGN_0235,234,train,D:\Colonel\final_year_project\03_MediaPipe_Landmarks\Normalized_Landmarks\9. Train_MVI_3110.npz,77,D:\Colonel\final_year_project\02_INCLUDE_Dataset_Optimized\9. Train\MVI_3110.MOV
SIGN_0236_21. Train Station_MVI_3522,SIGN_0236,235,train station,D:\Colonel\final_year_project\03_MediaPipe_Landmarks\Normalized_Landmarks\21. Train Station_MVI_3522.npz,51,D:\Colonel\final_year_project\02_INCLUDE_Dataset_Optimized\21. Train Station\MVI_3522.MOV
SIGN_0236_21. Train Station_MVI_3604,SIGN_0236,235,train station,D:\Colonel\final_year_project\03_MediaPipe_Landmarks\Normalized_Landmarks\21. Train Station_MVI_3604.npz,61,D:\Colonel\final_year_project\02_INCLUDE_Dataset_Optimized\21. Train Station\MVI_3604.MOV
SIGN_0236_21. Train Station_MVI_3275,SIGN_0236,235,train station,D:\Colonel\final_year_project\03_MediaPipe_Landmarks\Normalized_Landmarks\21. Train Station_MVI_3275.npz,78,F:\Final_Year_Project\02_INCLUDE_Dataset_Optimized\21. Train Station\MVI_3275.MOV
SIGN_0237_16. train ticket_MVI_3132,SIGN_0237,236,train ticket,D:\Colonel\final_year_project\03_MediaPipe_Landmarks\Normalized_Landmarks\16. train ticket_MVI_3132.npz,88,F:\Final_Year_Project\02_INCLUDE_Dataset_Optimized\16. train ticket\MVI_3132.MOV
SIGN_0237_16. train ticket_MVI_3195,SIGN_0237,236,train ticket,D:\Colonel\final_year_project\03_MediaPipe_Landmarks\Normalized_Landmarks\16. train ticket_MVI_3195.npz,100,F:\Final_Year_Project\02_INCLUDE_Dataset_Optimized\16. train ticket\MVI_3195.MOV
SIGN_0237_16. train ticket_MVI_8597,SIGN_0237,236,train ticket,D:\Colonel\final_year_project\03_MediaPipe_Landmarks\Normalized_Landmarks\16. train ticket_MVI_8597.npz,87,F:\Final_Year_Project\02_INCLUDE_Dataset_Optimized\16. train ticket\MVI_8597.MP4
SIGN_0238_17. Transportation_MVI_3256,SIGN_0238,237,transportation,D:\Colonel\final_year_project\03_MediaPipe_Landmarks\Normalized_Landmarks\17. Transportation_MVI_3256.npz,91,F:\Final_Year_Project\02_INCLUDE_Dataset_Optimized\17. Transportation\MVI_3256.MOV
SIGN_0238_17. Transportation_MVI_3199,SIGN_0238,237,transportation,D:\Colonel\final_year_project\03_MediaPipe_Landmarks\Normalized_Landmarks\17. Transportation_MVI_3199.npz,88,F:\Final_Year_Project\02_INCLUDE_Dataset_Optimized\17. Transportation\MVI_3199.MOV
SIGN_0238_17. Transportation_MVI_8599,SIGN_0238,237,transportation,D:\Colonel\final_year_project\03_MediaPipe_Landmarks\Normalized_Landmarks\17. Transportation_MVI_8599.npz,69,F:\Final_Year_Project\02_INCLUDE_Dataset_Optimized\17. Transportation\MVI_8599.MP4
SIGN_0239_12. Truck_MVI_3241,SIGN_0239,238,truck,D:\Colonel\final_year_project\03_MediaPipe_Landmarks\Normalized_Landmarks\12. Truck_MVI_3241.npz,76,F:\Final_Year_Project\02_INCLUDE_Dataset_Optimized\12. Truck\MVI_3241.MOV
SIGN_0239_12. Truck_MVI_3119,SIGN_0239,238,truck,D:\Colonel\final_year_project\03_MediaPipe_Landmarks\Normalized_Landmarks\12. Truck_MVI_3119.npz,104,F:\Final_Year_Project\02_INCLUDE_Dataset_Optimized\12. Truck\MVI_3119.MOV
SIGN_0239_12. Truck_MVI_8586,SIGN_0239,238,truck,D:\Colonel\final_year_project\03_MediaPipe_Landmarks\Normalized_Landmarks\12. Truck_MVI_8586.npz,76,F:\Final_Year_Project\02_INCLUDE_Dataset_Optimized\12. Truck\MVI_8586.MP4
SIGN_0240_68. Tuesday_MVI_5012,SIGN_0240,239,tuesday,D:\Colonel\final_year_project\03_MediaPipe_Landmarks\Normalized_Landmarks\68. Tuesday_MVI_5012.npz,50,D:\Colonel\final_year_project\02_INCLUDE_Dataset_Optimized\68. Tuesday\MVI_5012.MOV
SIGN_0240_68. Tuesday_MVI_9147,SIGN_0240,239,tuesday,D:\Colonel\final_year_project\03_MediaPipe_Landmarks\Normalized_Landmarks\68. Tuesday_MVI_9147.npz,61,D:\Colonel\final_year_project\02_INCLUDE_Dataset_Optimized\68. Tuesday\MVI_9147.MP4
SIGN_0240_68. Tuesday_MVI_4595,SIGN_0240,239,tuesday,D:\Colonel\final_year_project\03_MediaPipe_Landmarks\Normalized_Landmarks\68. Tuesday_MVI_4595.npz,59,D:\Colonel\final_year_project\02_INCLUDE_Dataset_Optimized\68. Tuesday\MVI_4595.MOV
SIGN_0241_6. Ugly_MVI_9578,SIGN_0241,240,ugly,D:\Colonel\final_year_project\03_MediaPipe_Landmarks\Normalized_Landmarks\6. Ugly_MVI_9578.npz,77,D:\Colonel\final_year_project\02_INCLUDE_Dataset_Optimized\6. Ugly\MVI_9578.MOV
SIGN_0241_6. Ugly_MVI_9847,SIGN_0241,240,ugly,D:\Colonel\final_year_project\03_MediaPipe_Landmarks\Normalized_Landmarks\6. Ugly_MVI_9847.npz,52,D:\Colonel\final_year_project\02_INCLUDE_Dataset_Optimized\6. Ugly\MVI_9847.MOV
SIGN_0241_6. Ugly_MVI_9576,SIGN_0241,240,ugly,D:\Colonel\final_year_project\03_MediaPipe_Landmarks\Normalized_Landmarks\6. Ugly_MVI_9576.npz,59,D:\Colonel\final_year_project\02_INCLUDE_Dataset_Optimized\6. Ugly\MVI_9576.MOV
SIGN_0242_26. University_MVI_3544,SIGN_0242,241,university,D:\Colonel\final_year_project\03_MediaPipe_Landmarks\Normalized_Landmarks\26. University_MVI_3544.npz,1,F:\Final_Year_Project\02_INCLUDE_Dataset_Optimized\26. University\MVI_3544.MOV
SIGN_0242_26. University_MVI_3298,SIGN_0242,241,university,D:\Colonel\final_year_project\03_MediaPipe_Landmarks\Normalized_Landmarks\26. University_MVI_3298.npz,1,F:\Final_Year_Project\02_INCLUDE_Dataset_Optimized\26. University\MVI_3298.MOV
SIGN_0242_26. University_MVI_3625,SIGN_0242,241,university,D:\Colonel\final_year_project\03_MediaPipe_Landmarks\Normalized_Landmarks\26. University_MVI_3625.npz,44,D:\Colonel\final_year_project\02_INCLUDE_Dataset_Optimized\26. University\MVI_3625.MOV
SIGN_0243_89. Waiter_MVI_4761,SIGN_0243,242,waiter,D:\Colonel\final_year_project\03_MediaPipe_Landmarks\Normalized_Landmarks\89. Waiter_MVI_4761.npz,72,D:\Colonel\final_year_project\02_INCLUDE_Dataset_Optimized\89. Waiter\MVI_4761.MOV
SIGN_0243_89. Waiter_MVI_5335,SIGN_0243,242,waiter,D:\Colonel\final_year_project\03_MediaPipe_Landmarks\Normalized_Landmarks\89. Waiter_MVI_5335.npz,95,D:\Colonel\final_year_project\02_INCLUDE_Dataset_Optimized\89. Waiter\MVI_5335.MOV
SIGN_0243_89. Waiter_MVI_4478,SIGN_0243,242,waiter,D:\Colonel\final_year_project\03_MediaPipe_Landmarks\Normalized_Landmarks\89. Waiter_MVI_4478.npz,91,D:\Colonel\final_year_project\02_INCLUDE_Dataset_Optimized\89. Waiter\MVI_4478.MOV
SIGN_0244_11. War_MVI_4291,SIGN_0244,243,war,D:\Colonel\final_year_project\03_MediaPipe_Landmarks\Normalized_Landmarks\11. War_MVI_4291.npz,55,F:\Final_Year_Project\02_INCLUDE_Dataset_Optimized\11. War\MVI_4291.MOV
SIGN_0244_11. War_MVI_8959,SIGN_0244,243,war,D:\Colonel\final_year_project\03_MediaPipe_Landmarks\Normalized_Landmarks\11. War_MVI_8959.npz,66,F:\Final_Year_Project\02_INCLUDE_Dataset_Optimized\11. War\MVI_8959.MP4
SIGN_0244_11. War_MVI_4830,SIGN_0244,243,war,D:\Colonel\final_year_project\03_MediaPipe_Landmarks\Normalized_Landmarks\11. War_MVI_4830.npz,56,F:\Final_Year_Project\02_INCLUDE_Dataset_Optimized\11. War\MVI_4830.MOV
SIGN_0245_89. warm_MVI_9335,SIGN_0245,244,warm,D:\Colonel\final_year_project\03_MediaPipe_Landmarks\Normalized_Landmarks\89. warm_MVI_9335.npz,57,D:\Colonel\final_year_project\02_INCLUDE_Dataset_Optimized\89. warm\MVI_9335.MOV
SIGN_0245_89. warm_MVI_5141,SIGN_0245,244,warm,D:\Colonel\final_year_project\03_MediaPipe_Landmarks\Normalized_Landmarks\89. warm_MVI_5141.npz,67,D:\Colonel\final_year_project\02_INCLUDE_Dataset_Optimized\89. warm\MVI_5141.MOV
SIGN_0245_89. warm_MVI_5302,SIGN_0245,244,warm,D:\Colonel\final_year_project\03_MediaPipe_Landmarks\Normalized_Landmarks\89. warm_MVI_5302.npz,55,D:\Colonel\final_year_project\02_INCLUDE_Dataset_Optimized\89. warm\MVI_5302.MOV
SIGN_0246_45. we_MVI_9974,SIGN_0246,245,we,D:\Colonel\final_year_project\03_MediaPipe_Landmarks\Normalized_Landmarks\45. we_MVI_9974.npz,48,D:\Colonel\final_year_project\02_INCLUDE_Dataset_Optimized\45. we\MVI_9974.MOV
SIGN_0246_45. we_MVI_9904,SIGN_0246,245,we,D:\Colonel\final_year_project\03_MediaPipe_Landmarks\Normalized_Landmarks\45. we_MVI_9904.npz,57,D:\Colonel\final_year_project\02_INCLUDE_Dataset_Optimized\45. we\MVI_9904.MOV
SIGN_0246_45. we_MVI_0079,SIGN_0246,245,we,D:\Colonel\final_year_project\03_MediaPipe_Landmarks\Normalized_Landmarks\45. we_MVI_0079.npz,72,D:\Colonel\final_year_project\02_INCLUDE_Dataset_Optimized\45. we\MVI_0079.MOV
SIGN_0247_32. weak_MVI_9819,SIGN_0247,246,weak,D:\Colonel\final_year_project\03_MediaPipe_Landmarks\Normalized_Landmarks\32. weak_MVI_9819.npz,63,D:\Colonel\final_year_project\02_INCLUDE_Dataset_Optimized\32. weak\MVI_9819.MOV
SIGN_0247_32. weak_MVI_9696,SIGN_0247,246,weak,D:\Colonel\final_year_project\03_MediaPipe_Landmarks\Normalized_Landmarks\32. weak_MVI_9696.npz,60,D:\Colonel\final_year_project\02_INCLUDE_Dataset_Optimized\32. weak\MVI_9696.MOV
SIGN_0247_32. weak_MVI_9821,SIGN_0247,246,weak,D:\Colonel\final_year_project\03_MediaPipe_Landmarks\Normalized_Landmarks\32. weak_MVI_9821.npz,58,D:\Colonel\final_year_project\02_INCLUDE_Dataset_Optimized\32. weak\MVI_9821.MOV
SIGN_0248_69. Wednesday_MVI_5016,SIGN_0248,247,wednesday,D:\Colonel\final_year_project\03_MediaPipe_Landmarks\Normalized_Landmarks\69. Wednesday_MVI_5016.npz,51,D:\Colonel\final_year_project\02_INCLUDE_Dataset_Optimized\69. Wednesday\MVI_5016.MOV
SIGN_0248_69. Wednesday_MVI_5456,SIGN_0248,247,wednesday,D:\Colonel\final_year_project\03_MediaPipe_Landmarks\Normalized_Landmarks\69. Wednesday_MVI_5456.npz,54,D:\Colonel\final_year_project\02_INCLUDE_Dataset_Optimized\69. Wednesday\MVI_5456.MOV
SIGN_0248_69. Wednesday_MVI_4599,SIGN_0248,247,wednesday,D:\Colonel\final_year_project\03_MediaPipe_Landmarks\Normalized_Landmarks\69. Wednesday_MVI_4599.npz,50,D:\Colonel\final_year_project\02_INCLUDE_Dataset_Optimized\69. Wednesday\MVI_4599.MOV
SIGN_0249_76. Week_MVI_5485,SIGN_0249,248,week,D:\Colonel\final_year_project\03_MediaPipe_Landmarks\Normalized_Landmarks\76. Week_MVI_5485.npz,47,D:\Colonel\final_year_project\02_INCLUDE_Dataset_Optimized\76. Week\MVI_5485.MOV
SIGN_0249_76. Week_MVI_9171,SIGN_0249,248,week,D:\Colonel\final_year_project\03_MediaPipe_Landmarks\Normalized_Landmarks\76. Week_MVI_9171.npz,69,D:\Colonel\final_year_project\02_INCLUDE_Dataset_Optimized\76. Week\MVI_9171.MP4
SIGN_0249_76. Week_MVI_4627,SIGN_0249,248,week,D:\Colonel\final_year_project\03_MediaPipe_Landmarks\Normalized_Landmarks\76. Week_MVI_4627.npz,71,D:\Colonel\final_year_project\02_INCLUDE_Dataset_Optimized\76. Week\MVI_4627.MOV
SIGN_0250_96. wet_MVI_5323,SIGN_0250,249,wet,D:\Colonel\final_year_project\03_MediaPipe_Landmarks\Normalized_Landmarks\96. wet_MVI_5323.npz,55,D:\Colonel\final_year_project\02_INCLUDE_Dataset_Optimized\96. wet\MVI_5323.MOV
SIGN_0250_96. wet_MVI_9356,SIGN_0250,249,wet,D:\Colonel\final_year_project\03_MediaPipe_Landmarks\Normalized_Landmarks\96. wet_MVI_9356.npz,57,D:\Colonel\final_year_project\02_INCLUDE_Dataset_Optimized\96. wet\MVI_9356.MOV
SIGN_0250_96. wet_MVI_9520,SIGN_0250,249,wet,D:\Colonel\final_year_project\03_MediaPipe_Landmarks\Normalized_Landmarks\96. wet_MVI_9520.npz,66,D:\Colonel\final_year_project\02_INCLUDE_Dataset_Optimized\96. wet\MVI_9520.MOV
SIGN_0251_55. White_MVI_4042,SIGN_0251,250,white,D:\Colonel\final_year_project\03_MediaPipe_Landmarks\Normalized_Landmarks\55. White_MVI_4042.npz,57,D:\Colonel\final_year_project\02_INCLUDE_Dataset_Optimized\55. White\MVI_4042.MOV
SIGN_0251_55. White_MVI_3743,SIGN_0251,250,white,D:\Colonel\final_year_project\03_MediaPipe_Landmarks\Normalized_Landmarks\55. White_MVI_3743.npz,51,D:\Colonel\final_year_project\02_INCLUDE_Dataset_Optimized\55. White\MVI_3743.MOV
SIGN_0251_55. White_MVI_5061,SIGN_0251,250,white,D:\Colonel\final_year_project\03_MediaPipe_Landmarks\Normalized_Landmarks\55. White_MVI_5061.npz,44,D:\Colonel\final_year_project\02_INCLUDE_Dataset_Optimized\55. White\MVI_5061.MOV
SIGN_0252_81. wide_MVI_5117,SIGN_0252,251,wide,D:\Colonel\final_year_project\03_MediaPipe_Landmarks\Normalized_Landmarks\81. wide_MVI_5117.npz,61,D:\Colonel\final_year_project\02_INCLUDE_Dataset_Optimized\81. wide\MVI_5117.MOV
SIGN_0252_81. wide_MVI_9311,SIGN_0252,251,wide,D:\Colonel\final_year_project\03_MediaPipe_Landmarks\Normalized_Landmarks\81. wide_MVI_9311.npz,55,D:\Colonel\final_year_project\02_INCLUDE_Dataset_Optimized\81. wide\MVI_9311.MOV
SIGN_0252_81. wide_MVI_5278,SIGN_0252,251,wide,D:\Colonel\final_year_project\03_MediaPipe_Landmarks\Normalized_Landmarks\81. wide_MVI_5278.npz,65,D:\Colonel\final_year_project\02_INCLUDE_Dataset_Optimized\81. wide\MVI_5278.MOV
SIGN_0253_72. Wife_MVI_3799,SIGN_0253,252,wife,D:\Colonel\final_year_project\03_MediaPipe_Landmarks\Normalized_Landmarks\72. Wife_MVI_3799.npz,53,D:\Colonel\final_year_project\02_INCLUDE_Dataset_Optimized\72. Wife\MVI_3799.MOV
SIGN_0253_72. Wife_MVI_4093,SIGN_0253,252,wife,D:\Colonel\final_year_project\03_MediaPipe_Landmarks\Normalized_Landmarks\72. Wife_MVI_4093.npz,69,D:\Colonel\final_year_project\02_INCLUDE_Dataset_Optimized\72. Wife\MVI_4093.MOV
SIGN_0253_72. Wife_MVI_8639,SIGN_0253,252,wife,D:\Colonel\final_year_project\03_MediaPipe_Landmarks\Normalized_Landmarks\72. Wife_MVI_8639.npz,61,D:\Colonel\final_year_project\02_INCLUDE_Dataset_Optimized\72. Wife\MVI_8639.MP4
SIGN_0254_28. Window_MVI_4881,SIGN_0254,253,window,D:\Colonel\final_year_project\03_MediaPipe_Landmarks\Normalized_Landmarks\28. Window_MVI_4881.npz,72,D:\Colonel\final_year_project\02_INCLUDE_Dataset_Optimized\28. Window\MVI_4881.MOV
SIGN_0254_28. Window_MVI_4362,SIGN_0254,253,window,D:\Colonel\final_year_project\03_MediaPipe_Landmarks\Normalized_Landmarks\28. Window_MVI_4362.npz,84,D:\Colonel\final_year_project\02_INCLUDE_Dataset_Optimized\28. Window\MVI_4362.MOV
SIGN_0254_28. Window_MVI_9015,SIGN_0254,253,window,D:\Colonel\final_year_project\03_MediaPipe_Landmarks\Normalized_Landmarks\28. Window_MVI_9015.npz,85,D:\Colonel\final_year_project\02_INCLUDE_Dataset_Optimized\28. Window\MVI_9015.MP4
SIGN_0255_63. Winter_MVI_4996,SIGN_0255,254,winter,D:\Colonel\final_year_project\03_MediaPipe_Landmarks\Normalized_Landmarks\63. Winter_MVI_4996.npz,56,D:\Colonel\final_year_project\02_INCLUDE_Dataset_Optimized\63. Winter\MVI_4996.MOV
SIGN_0255_63. Winter_MVI_5431,SIGN_0255,254,winter,D:\Colonel\final_year_project\03_MediaPipe_Landmarks\Normalized_Landmarks\63. Winter_MVI_5431.npz,56,D:\Colonel\final_year_project\02_INCLUDE_Dataset_Optimized\63. Winter\MVI_5431.MOV
SIGN_0255_63. Winter_MVI_9131,SIGN_0255,254,winter,D:\Colonel\final_year_project\03_MediaPipe_Landmarks\Normalized_Landmarks\63. Winter_MVI_9131.npz,76,D:\Colonel\final_year_project\02_INCLUDE_Dataset_Optimized\63. Winter\MVI_9131.MP4
SIGN_0256_65. Woman_MVI_4072,SIGN_0256,255,woman,D:\Colonel\final_year_project\03_MediaPipe_Landmarks\Normalized_Landmarks\65. Woman_MVI_4072.npz,52,D:\Colonel\final_year_project\02_INCLUDE_Dataset_Optimized\65. Woman\MVI_4072.MOV
SIGN_0256_65. Woman_MVI_3775,SIGN_0256,255,woman,D:\Colonel\final_year_project\03_MediaPipe_Landmarks\Normalized_Landmarks\65. Woman_MVI_3775.npz,53,D:\Colonel\final_year_project\02_INCLUDE_Dataset_Optimized\65. Woman\MVI_3775.MOV
SIGN_0256_65. Woman_MVI_8630,SIGN_0256,255,woman,D:\Colonel\final_year_project\03_MediaPipe_Landmarks\Normalized_Landmarks\65. Woman_MVI_8630.npz,56,D:\Colonel\final_year_project\02_INCLUDE_Dataset_Optimized\65. Woman\MVI_8630.MP4
SIGN_0257_78. Year_MVI_9178,SIGN_0257,256,year,D:\Colonel\final_year_project\03_MediaPipe_Landmarks\Normalized_Landmarks\78. Year_MVI_9178.npz,69,D:\Colonel\final_year_project\02_INCLUDE_Dataset_Optimized\78. Year\MVI_9178.MP4
SIGN_0257_78. Year_MVI_5493,SIGN_0257,256,year,D:\Colonel\final_year_project\03_MediaPipe_Landmarks\Normalized_Landmarks\78. Year_MVI_5493.npz,39,D:\Colonel\final_year_project\02_INCLUDE_Dataset_Optimized\78. Year\MVI_5493.MOV
SIGN_0257_78. Year_MVI_4635,SIGN_0257,256,year,D:\Colonel\final_year_project\03_MediaPipe_Landmarks\Normalized_Landmarks\78. Year_MVI_4635.npz,56,D:\Colonel\final_year_project\02_INCLUDE_Dataset_Optimized\78. Year\MVI_4635.MOV
SIGN_0258_50. Yellow_MVI_4027,SIGN_0258,257,yellow,D:\Colonel\final_year_project\03_MediaPipe_Landmarks\Normalized_Landmarks\50. Yellow_MVI_4027.npz,59,D:\Colonel\final_year_project\02_INCLUDE_Dataset_Optimized\50. Yellow\MVI_4027.MOV
SIGN_0258_50. Yellow_MVI_5046,SIGN_0258,257,yellow,D:\Colonel\final_year_project\03_MediaPipe_Landmarks\Normalized_Landmarks\50. Yellow_MVI_5046.npz,52,D:\Colonel\final_year_project\02_INCLUDE_Dataset_Optimized\50. Yellow\MVI_5046.MOV
SIGN_0258_50. Yellow_MVI_8615,SIGN_0258,257,yellow,D:\Colonel\final_year_project\03_MediaPipe_Landmarks\Normalized_Landmarks\50. Yellow_MVI_8615.npz,64,D:\Colonel\final_year_project\02_INCLUDE_Dataset_Optimized\50. Yellow\MVI_8615.MP4
SIGN_0259_75. Yesterday_MVI_4623,SIGN_0259,258,yesterday,D:\Colonel\final_year_project\03_MediaPipe_Landmarks\Normalized_Landmarks\75. Yesterday_MVI_4623.npz,50,D:\Colonel\final_year_project\02_INCLUDE_Dataset_Optimized\75. Yesterday\MVI_4623.MOV
SIGN_0259_75. Yesterday_MVI_5480,SIGN_0259,258,yesterday,D:\Colonel\final_year_project\03_MediaPipe_Landmarks\Normalized_Landmarks\75. Yesterday_MVI_5480.npz,42,D:\Colonel\final_year_project\02_INCLUDE_Dataset_Optimized\75. Yesterday\MVI_5480.MOV
SIGN_0259_75. Yesterday_MVI_5037,SIGN_0259,258,yesterday,D:\Colonel\final_year_project\03_MediaPipe_Landmarks\Normalized_Landmarks\75. Yesterday_MVI_5037.npz,51,D:\Colonel\final_year_project\02_INCLUDE_Dataset_Optimized\75. Yesterday\MVI_5037.MOV
SIGN_0260_41. you_MVI_9886,SIGN_0260,259,you,D:\Colonel\final_year_project\03_MediaPipe_Landmarks\Normalized_Landmarks\41. you_MVI_9886.npz,45,D:\Colonel\final_year_project\02_INCLUDE_Dataset_Optimized\41. you\MVI_9886.MOV
SIGN_0260_41. you_MVI_9999,SIGN_0260,259,you,D:\Colonel\final_year_project\03_MediaPipe_Landmarks\Normalized_Landmarks\41. you_MVI_9999.npz,71,D:\Colonel\final_year_project\02_INCLUDE_Dataset_Optimized\41. you\MVI_9999.MOV
SIGN_0260_41. you_MVI_0015,SIGN_0260,259,you,D:\Colonel\final_year_project\03_MediaPipe_Landmarks\Normalized_Landmarks\41. you_MVI_0015.npz,46,D:\Colonel\final_year_project\02_INCLUDE_Dataset_Optimized\41. you\MVI_0015.MOV
SIGN_0261_46. you (plural)_MVI_0021,SIGN_0261,260,you (plural),D:\Colonel\final_year_project\03_MediaPipe_Landmarks\Normalized_Landmarks\46. you (plural)_MVI_0021.npz,75,D:\Colonel\final_year_project\02_INCLUDE_Dataset_Optimized\46. you (plural)\MVI_0021.MOV
SIGN_0261_46. you (plural)_MVI_0082,SIGN_0261,260,you (plural),D:\Colonel\final_year_project\03_MediaPipe_Landmarks\Normalized_Landmarks\46. you (plural)_MVI_0082.npz,70,D:\Colonel\final_year_project\02_INCLUDE_Dataset_Optimized\46. you (plural)\MVI_0082.MOV
SIGN_0261_46. you (plural)_MVI_9977,SIGN_0261,260,you (plural),D:\Colonel\final_year_project\03_MediaPipe_Landmarks\Normalized_Landmarks\46. you (plural)_MVI_9977.npz,80,D:\Colonel\final_year_project\02_INCLUDE_Dataset_Optimized\46. you (plural)\MVI_9977.MOV
SIGN_0262_93. young_MVI_5314,SIGN_0262,261,young,D:\Colonel\final_year_project\03_MediaPipe_Landmarks\Normalized_Landmarks\93. young_MVI_5314.npz,52,D:\Colonel\final_year_project\02_INCLUDE_Dataset_Optimized\93. young\MVI_5314.MOV
SIGN_0262_93. young_MVI_9347,SIGN_0262,261,young,D:\Colonel\final_year_project\03_MediaPipe_Landmarks\Normalized_Landmarks\93. young_MVI_9347.npz,47,D:\Colonel\final_year_project\02_INCLUDE_Dataset_Optimized\93. young\MVI_9347.MOV
SIGN_0262_93. young_MVI_5155,SIGN_0262,261,young,D:\Colonel\final_year_project\03_MediaPipe_Landmarks\Normalized_Landmarks\93. young_MVI_5155.npz,66,D:\Colonel\final_year_project\02_INCLUDE_Dataset_Optimized\93. young\MVI_5155.MOV
